Timeline,Start time,Duration,Row,Instance number,CROSSING,FIRST PHASE,OFFSIDE,PEN AREA ENTRY,POSSESSION THIRDS,SECOND PHASE,SHOOTING,TRANSITION,Ungrouped,Notes,Flags,Opposition,Date
LIVE CODE,665.1011791,4,Start,1,,,,,,,,,,,,PNG,15/04/2026
LIVE CODE,4835.327449,4,Start,2,,,,,,,,,,,,PNG,15/04/2026
LIVE CODE,664.1011791,38.54953679,HOME POSSESSION,1,"Cross Unsuccessful, Cross Unsuccessful",,,,"P-M3, P-F3",,,,"SEAM THREE ENTRY, CROSSES, CROSSES",,,PNG,15/04/2026
LIVE CODE,727.4456128,16.304461,HOME POSSESSION,2,,,,,"P-D3, P-M3",,,,,,,PNG,15/04/2026
LIVE CODE,750.2525067,16.59292817,HOME POSSESSION,3,,,,,P-M3,,,,,,,PNG,15/04/2026
LIVE CODE,776.2460071,13.099903,HOME POSSESSION,4,,,,,P-M3,,,,,,,PNG,15/04/2026
LIVE CODE,789.7412619,25.32971308,HOME POSSESSION,5,,,,,P-M3,,,,,,,PNG,15/04/2026
LIVE CODE,814.5460999,17.73318929,HOME POSSESSION,6,,,,,P-M3,,,,SEAM 2 ENTRY,,,PNG,15/04/2026
LIVE CODE,842.5424563,19.95591317,HOME POSSESSION,7,,,,PEN AREA ENTRY,"P-D3, P-F3",,SHOT,,SEAM THREE ENTRY,,,PNG,15/04/2026
LIVE CODE,895.2928279,13.45317133,HOME POSSESSION,8,,,,PEN AREA ENTRY,P-F3,,,,,,,PNG,15/04/2026
LIVE CODE,952.2722399,7.373694083,HOME POSSESSION,9,,,,,P-M3,,,,,,,PNG,15/04/2026
LIVE CODE,964.3255286,6.236917918,HOME POSSESSION,10,,,,,P-M3,,,,,,,PNG,15/04/2026
LIVE CODE,972.2094408,6.985002418,HOME POSSESSION,11,,,,,P-M3,,,ATTACKING TRANSITION,,,,PNG,15/04/2026
LIVE CODE,978.9455984,30.79820867,HOME POSSESSION,12,,,,,P-F3,,,ATTACKING TRANSITION,,,,PNG,15/04/2026
LIVE CODE,1028.031907,15.82232592,HOME POSSESSION,13,,,,,P-M3,,,,SEAM 2 ENTRY,,,PNG,15/04/2026
LIVE CODE,1044.845826,17.20000371,HOME POSSESSION,14,,,,,P-M3,,,,,,,PNG,15/04/2026
LIVE CODE,1139.946075,26.32370596,HOME POSSESSION,15,,,,,P-M3,,,,SEAM 2 ENTRY,,,PNG,15/04/2026
LIVE CODE,1171.637124,12.83955483,HOME POSSESSION,16,,,,,"P-M3, P-F3",,,,SEAM 2 ENTRY,,,PNG,15/04/2026
LIVE CODE,1211.474212,18.1688235,HOME POSSESSION,17,Cross Unsuccessful,,,,"P-M3, P-F3",,,,CROSSES,,,PNG,15/04/2026
LIVE CODE,1263.672426,22.57316896,HOME POSSESSION,18,,,,,P-M3,,,,,,,PNG,15/04/2026
LIVE CODE,1302.343447,31.80275742,HOME POSSESSION,19,,,,PEN AREA ENTRY,"P-M3, P-F3",,,,"SEAM 2 ENTRY, SEAM 2 ENTRY",,,PNG,15/04/2026
LIVE CODE,1338.62523,34.81345058,HOME POSSESSION,20,Cross Unsuccessful,,,,"P-M3, P-F3",,,,"SEAM 2 ENTRY, CROSSES",,,PNG,15/04/2026
LIVE CODE,1370.43868,15.80610533,HOME POSSESSION,21,,,,,P-M3,,,,SEAM 2 ENTRY,,,PNG,15/04/2026
LIVE CODE,1476.975181,15.79999991,HOME POSSESSION,22,,,,,P-F3,,,,,,,PNG,15/04/2026
LIVE CODE,1534.086338,31.59999984,HOME POSSESSION,23,,,,,P-M3,,,,,,,PNG,15/04/2026
LIVE CODE,1572.486338,18.7,HOME POSSESSION,24,,,,,"P-M3, P-F3",,,,,,,PNG,15/04/2026
LIVE CODE,1619.436281,11.6,HOME POSSESSION,25,,,,,P-M3,,,,,,,PNG,15/04/2026
LIVE CODE,1714.086667,9,HOME POSSESSION,26,,,,,P-F3,,SHOT,ATTACKING TRANSITION,,,,PNG,15/04/2026
LIVE CODE,1742.253288,16.5,HOME POSSESSION,27,Cross Unsuccessful,,,,"P-M3, P-F3",,,,CROSSES,,,PNG,15/04/2026
LIVE CODE,1760.453288,12.1,HOME POSSESSION,28,,,,,P-F3,,SHOT,,,,,PNG,15/04/2026
LIVE CODE,1809.453288,15.8,HOME POSSESSION,29,,,,,P-F3,,,,,,,PNG,15/04/2026
LIVE CODE,1824.953288,7.1,HOME POSSESSION,30,,,,,P-F3,,,,,,,PNG,15/04/2026
LIVE CODE,1840.653288,18.5,HOME POSSESSION,31,,,,,"P-M3, P-M3, P-D3",,,,,,,PNG,15/04/2026
LIVE CODE,1893.353288,21.3,HOME POSSESSION,32,,,,,P-D3,,,,,,,PNG,15/04/2026
LIVE CODE,1951.576667,8.1,HOME POSSESSION,33,,,,,P-M3,,,ATTACKING TRANSITION,,,,PNG,15/04/2026
LIVE CODE,1988.376667,14.9,HOME POSSESSION,34,,,,,P-D3,,,,,,,PNG,15/04/2026
LIVE CODE,2004.476667,12.7,HOME POSSESSION,35,,,,,P-D3,,,,,,,PNG,15/04/2026
LIVE CODE,2020.976667,32.79999997,HOME POSSESSION,36,Cross Successful,,OFFSIDE,PEN AREA ENTRY,"P-D3, P-F3",,,,"SEAM 2 ENTRY, SEAM THREE ENTRY, CROSSES",,,PNG,15/04/2026
LIVE CODE,2103.411428,9.499999966,HOME POSSESSION,37,,,,,P-M3,,,,,,,PNG,15/04/2026
LIVE CODE,2126.711406,35.39999983,HOME POSSESSION,38,,,,PEN AREA ENTRY,"P-M3, P-F3",,"ON TARGET, SHOT, ON TARGET, SHOT, SHOT",,"SEAM 2 ENTRY, SEAM THREE ENTRY",,,PNG,15/04/2026
LIVE CODE,2173.611406,4.199999994,HOME POSSESSION,39,,,,,P-D3,,,,,,,PNG,15/04/2026
LIVE CODE,2178.911406,11.99999995,HOME POSSESSION,40,,,,PEN AREA ENTRY,"P-M3, P-F3",,"ON TARGET, SHOT",ATTACKING TRANSITION,SEAM THREE ENTRY,,,PNG,15/04/2026
LIVE CODE,2278.811405,8.899999969,HOME POSSESSION,41,,,,,P-M3,,,,,,,PNG,15/04/2026
LIVE CODE,2306.311405,6.499999982,HOME POSSESSION,42,,,,,P-M3,,,,,,,PNG,15/04/2026
LIVE CODE,2312.111405,22.3999999,HOME POSSESSION,43,,,,,"P-M3, P-F3",,,ATTACKING TRANSITION,,,,PNG,15/04/2026
LIVE CODE,2334.311405,11.19999996,HOME POSSESSION,44,,,,,P-M3,,,,,,,PNG,15/04/2026
LIVE CODE,2405.511404,13.09999995,HOME POSSESSION,45,Cross Unsuccessful,,,,P-F3,,,ATTACKING TRANSITION,CROSSES,,,PNG,15/04/2026
LIVE CODE,2465.088243,17.31153061,HOME POSSESSION,46,,,,,P-M3,,,,,,,PNG,15/04/2026
LIVE CODE,2483.499773,6.199999983,HOME POSSESSION,47,,,,,P-M3,,,ATTACKING TRANSITION,,,,PNG,15/04/2026
LIVE CODE,2493.699773,9.999999963,HOME POSSESSION,48,,,,,P-M3,,,ATTACKING TRANSITION,,,,PNG,15/04/2026
LIVE CODE,2515.099773,19.29999991,HOME POSSESSION,49,,,,,P-M3,,,,,,,PNG,15/04/2026
LIVE CODE,2585.243333,6.999999979,HOME POSSESSION,50,Cross Successful,,,,P-F3,,,ATTACKING TRANSITION,CROSSES,,,PNG,15/04/2026
LIVE CODE,2602.293209,18.19999992,HOME POSSESSION,51,,,OFFSIDE,PEN AREA ENTRY,P-F3,,,,SEAM THREE ENTRY,,,PNG,15/04/2026
LIVE CODE,2744.489785,17.02345801,HOME POSSESSION,52,,,,,P-M3,,,,,,,PNG,15/04/2026
LIVE CODE,2766.113243,8.799999969,HOME POSSESSION,53,,,,,"P-M3, P-D3",,,,,,,PNG,15/04/2026
LIVE CODE,2902.309887,12.69999995,HOME POSSESSION,54,,,,,"P-D3, P-M3",,,,,,,PNG,15/04/2026
LIVE CODE,2915.609887,7.299999976,HOME POSSESSION,55,,,,,P-M3,,,,,,,PNG,15/04/2026
LIVE CODE,2922.509886,16.99999993,HOME POSSESSION,56,,,,,"P-M3, P-F3",,,,,,,PNG,15/04/2026
LIVE CODE,2943.709886,26.19999988,HOME POSSESSION,57,,,,,P-M3,,,,,,,PNG,15/04/2026
LIVE CODE,2981.159875,25.79999988,HOME POSSESSION,58,,,,,P-M3,,,,,,,PNG,15/04/2026
LIVE CODE,3043.159875,8.099999973,HOME POSSESSION,59,,,,,P-M3,,,,,,,PNG,15/04/2026
LIVE CODE,3062.259875,6.69999998,HOME POSSESSION,60,,,,,P-D3,,,,,,,PNG,15/04/2026
LIVE CODE,3071.659875,18.39999992,HOME POSSESSION,61,,,,,P-M3,,,ATTACKING TRANSITION,,,,PNG,15/04/2026
LIVE CODE,3098.459875,11.99999995,HOME POSSESSION,62,,,,,P-D3,,,,,,,PNG,15/04/2026
LIVE CODE,3113.259875,10.80845877,HOME POSSESSION,63,,,,PEN AREA ENTRY,"P-F3, P-F3",,SHOT,,SEAM THREE ENTRY,,,PNG,15/04/2026
LIVE CODE,3146.038322,5.9,HOME POSSESSION,64,,,,,"P-M3, P-F3",,,,,,,PNG,15/04/2026
LIVE CODE,3163.738322,26.2,HOME POSSESSION,65,,,,,"P-D3, P-M3",,"ON TARGET, SHOT, SHOT",,SEAM THREE ENTRY,,,PNG,15/04/2026
LIVE CODE,3204.938322,13.8,HOME POSSESSION,66,,,,,"P-M3, P-F3",,,,,,,PNG,15/04/2026
LIVE CODE,3222.738322,15.1,HOME POSSESSION,67,Cross Successful,,,,P-F3,,,,CROSSES,,,PNG,15/04/2026
LIVE CODE,3252.138322,33.9,HOME POSSESSION,68,Cross Successful,,,,"P-M3, P-F3",,,,"CROSSES, SEAM THREE ENTRY",,,PNG,15/04/2026
LIVE CODE,3288.438322,31.3,HOME POSSESSION,69,,,,,"P-M3, P-D3, P-F3",,,,SEAM 2 ENTRY,,,PNG,15/04/2026
LIVE CODE,3324.738322,17.6,HOME POSSESSION,70,Cross Successful,,,,P-F3,,SHOT,,"SEAM 2 ENTRY, CROSSES",,,PNG,15/04/2026
LIVE CODE,3368.538322,5.5,HOME POSSESSION,71,,,,,"P-M3, P-F3",,,,,,,PNG,15/04/2026
LIVE CODE,3386.738322,28.9,HOME POSSESSION,72,Cross Successful,,,,P-F3,,"ON TARGET, SHOT",,CROSSES,,,PNG,15/04/2026
LIVE CODE,3427.538322,11.6,HOME POSSESSION,73,,,,PEN AREA ENTRY,"P-M3, P-F3",,,,"SEAM 2 ENTRY, SEAM THREE ENTRY",,,PNG,15/04/2026
LIVE CODE,3761.200862,46.8,HOME POSSESSION,74,,LBFB - WIN,,,"P-M3, P-F3",LBSB - WIN,,,,,,PNG,15/04/2026
LIVE CODE,3808.200862,12.9,HOME POSSESSION,75,,,,PEN AREA ENTRY,"P-M3, P-F3",,SHOT,,SEAM THREE ENTRY,,,PNG,15/04/2026
LIVE CODE,3848.050862,39.2,HOME POSSESSION,76,Cross Successful,,,,"P-M3, P-F3",,SHOT,,"SEAM 2 ENTRY, SEAM THREE ENTRY, CROSSES",,,PNG,15/04/2026
LIVE CODE,3899.050862,12.8,HOME POSSESSION,77,,,,,P-M3,,,,SEAM 2 ENTRY,,,PNG,15/04/2026
LIVE CODE,3917.050862,5.9,HOME POSSESSION,78,,,,,P-M3,,,,,,,PNG,15/04/2026
LIVE CODE,4844.327449,17.2,HOME POSSESSION,79,,,,,"P-M3, P-F3",,,,,,,PNG,15/04/2026
LIVE CODE,4885.327449,10.4,HOME POSSESSION,80,,,,,P-F3,,,,,,,PNG,15/04/2026
LIVE CODE,4896.627449,12.3,HOME POSSESSION,81,,,,,P-F3,,,,,,,PNG,15/04/2026
LIVE CODE,4913.777438,24.4,HOME POSSESSION,82,,,,,P-D3,,,,,,,PNG,15/04/2026
LIVE CODE,4946.177438,6.4,HOME POSSESSION,83,,,,,P-D3,,,,,,,PNG,15/04/2026
LIVE CODE,4950.877438,12.2,HOME POSSESSION,84,,LBFB - WIN,,,"P-D3, P-M3, P-F3",LBSB - WIN,,,,,,PNG,15/04/2026
LIVE CODE,4985.277438,13.9,HOME POSSESSION,85,Cross Successful,,,,"P-M3, P-F3",,SHOT,,CROSSES,,,PNG,15/04/2026
LIVE CODE,5013.977426,5.4,HOME POSSESSION,86,,,,,P-M3,,,,,,,PNG,15/04/2026
LIVE CODE,5023.527426,18.2,HOME POSSESSION,87,,,,,"P-M3, P-F3",,,,,,,PNG,15/04/2026
LIVE CODE,5117.827426,11.4,HOME POSSESSION,88,Cross Successful,,,,P-F3,,"ON TARGET, SHOT, SHOT",,CROSSES,,,PNG,15/04/2026
LIVE CODE,5135.927426,6.3,HOME POSSESSION,89,,,,,P-M3,,,,,,,PNG,15/04/2026
LIVE CODE,5145.227426,24.2,HOME POSSESSION,90,Cross Successful,,,,"P-D3, P-F3",,SHOT,,"SEAM 2 ENTRY, CROSSES",,,PNG,15/04/2026
LIVE CODE,5217.366621,11.7,HOME POSSESSION,91,,,,,P-M3,,,,,,,PNG,15/04/2026
LIVE CODE,5234.866621,13.5,HOME POSSESSION,92,,,,,P-M3,,,,,,,PNG,15/04/2026
LIVE CODE,5274.86661,7.2,HOME POSSESSION,93,,,,,"P-M3, P-F3",,,,SEAM 2 ENTRY,,,PNG,15/04/2026
LIVE CODE,5288.26661,8.8,HOME POSSESSION,94,,,,,,,,,,,,PNG,15/04/2026
LIVE CODE,5296.66661,22.3,HOME POSSESSION,95,Cross Successful,,,,P-M3,,,,CROSSES,,,PNG,15/04/2026
LIVE CODE,5322.26661,6.4,HOME POSSESSION,96,,,,,P-F3,,,,,,,PNG,15/04/2026
LIVE CODE,5343.76661,5.5,HOME POSSESSION,97,,,,,P-M3,,,,,,,PNG,15/04/2026
LIVE CODE,5367.336655,14.7,HOME POSSESSION,98,,,,,P-M3,,,,,,,PNG,15/04/2026
LIVE CODE,5387.936655,20.3,HOME POSSESSION,99,Cross Successful,,,PEN AREA ENTRY,"P-F3, P-F3",,"ON TARGET, SHOT, GOAL",,"SEAM THREE ENTRY, CROSSES",,,PNG,15/04/2026
LIVE CODE,5493.221224,30.9,HOME POSSESSION,100,,,,,"P-D3, P-M3, P-F3",,,,SEAM THREE ENTRY,,,PNG,15/04/2026
LIVE CODE,5532.321224,17.9,HOME POSSESSION,101,,,,,"P-M3, P-F3",,"ON TARGET, SHOT",,SEAM THREE ENTRY,,,PNG,15/04/2026
LIVE CODE,5633.786655,17.3,HOME POSSESSION,102,Cross Unsuccessful,,,,"P-D3, P-F3",,,,"SEAM 2 ENTRY, CROSSES",,,PNG,15/04/2026
LIVE CODE,5664.686655,3,HOME POSSESSION,103,,,,,,,,,,,,PNG,15/04/2026
LIVE CODE,5667.686655,16.8,HOME POSSESSION,104,Cross Unsuccessful,,,,"P-M3, P-F3",,,,"SEAM 2 ENTRY, CROSSES",,,PNG,15/04/2026
LIVE CODE,5681.486655,11,HOME POSSESSION,105,,,,PEN AREA ENTRY,P-F3,,SHOT,,,,,PNG,15/04/2026
LIVE CODE,5689.486655,11.6,HOME POSSESSION,106,Cross Unsuccessful,,,,P-F3,,,,CROSSES,,,PNG,15/04/2026
LIVE CODE,5701.786655,6.713344671,HOME POSSESSION,107,,,,PEN AREA ENTRY,P-F3,,"ON TARGET, SHOT",,,,,PNG,15/04/2026
LIVE CODE,5754.573322,16.27334467,HOME POSSESSION,108,,,,,P-M3,,,,,,,PNG,15/04/2026
LIVE CODE,5769.646667,23.96333333,HOME POSSESSION,109,Cross Unsuccessful,,,,"P-M3, P-F3",,,,"SEAM THREE ENTRY, CROSSES",,,PNG,15/04/2026
LIVE CODE,5799.946667,10.8,HOME POSSESSION,110,,,,,P-F3,,,,,,,PNG,15/04/2026
LIVE CODE,5812.046667,16.51664399,HOME POSSESSION,111,,,,,"P-M3, P-F3",,,,SEAM 2 ENTRY,,,PNG,15/04/2026
LIVE CODE,5828.663311,44.5,HOME POSSESSION,112,,,,,P-M3,,SHOT,,"SEAM 2 ENTRY, SEAM 2 ENTRY",,,PNG,15/04/2026
LIVE CODE,5885.586655,5.1,HOME POSSESSION,113,,,,,P-M3,,,,,,,PNG,15/04/2026
LIVE CODE,5890.586655,24.96001134,HOME POSSESSION,114,,,,,"P-M3, P-D3",,,,,,,PNG,15/04/2026
LIVE CODE,5921.36,8.3,HOME POSSESSION,115,,,,,P-M3,,,,,,,PNG,15/04/2026
LIVE CODE,5938.26,14.3,HOME POSSESSION,116,,,,,P-F3,,,,,,,PNG,15/04/2026
LIVE CODE,6016.231667,8.5,HOME POSSESSION,117,,,,,,,,,,,,PNG,15/04/2026
LIVE CODE,6037.623333,21.66663265,HOME POSSESSION,118,,,,,P-D3,,,,,,,PNG,15/04/2026
LIVE CODE,6114.239955,6.7,HOME POSSESSION,119,,,,,,,,,,,,PNG,15/04/2026
LIVE CODE,6123.639955,21.81504535,HOME POSSESSION,120,,,,,"P-M3, P-M3",,,,,,,PNG,15/04/2026
LIVE CODE,6171.736667,29.86666667,HOME POSSESSION,121,,,,,"P-M3, P-F3, P-F3",,,,,,,PNG,15/04/2026
LIVE CODE,6206.978333,11.9,HOME POSSESSION,122,Cross Successful,,,,"P-M3, P-F3",,"SHOT, ON TARGET, SHOT",,"SEAM 2 ENTRY, CROSSES",,,PNG,15/04/2026
LIVE CODE,6228.078333,32.3,HOME POSSESSION,123,Cross Unsuccessful,,,,P-M3,,,,"SEAM 2 ENTRY, SEAM THREE ENTRY, CROSSES",,,PNG,15/04/2026
LIVE CODE,6266.278333,18,HOME POSSESSION,124,,,,,"P-F3, P-F3",,,,SEAM 2 ENTRY,,,PNG,15/04/2026
LIVE CODE,6295.578333,12,HOME POSSESSION,125,Cross Unsuccessful,,,PEN AREA ENTRY,"P-M3, P-F3",,,,"SEAM THREE ENTRY, CROSSES",,,PNG,15/04/2026
LIVE CODE,6324.278333,19.3,HOME POSSESSION,126,Cross Successful,,,PEN AREA ENTRY,"P-M3, P-F3",,,,"SEAM 2 ENTRY, CROSSES",,,PNG,15/04/2026
LIVE CODE,6347.978333,15.8,HOME POSSESSION,127,,,,,P-M3,,,,SEAM 2 ENTRY,,,PNG,15/04/2026
LIVE CODE,6377.178333,24.4,HOME POSSESSION,128,,,,,P-M3,,,,,,,PNG,15/04/2026
LIVE CODE,6417.678333,23.6,HOME POSSESSION,129,,,OFFSIDE,,"P-M3, P-F3",,,,SEAM THREE ENTRY,,,PNG,15/04/2026
LIVE CODE,6473.338333,6.3,HOME POSSESSION,130,,,,,P-F3,,,,,,,PNG,15/04/2026
LIVE CODE,6482.238333,12.7,HOME POSSESSION,131,Cross Unsuccessful,,,,P-F3,,,,CROSSES,,,PNG,15/04/2026
LIVE CODE,6498.038333,5.6,HOME POSSESSION,132,,,,,P-F3,,,,,,,PNG,15/04/2026
LIVE CODE,6705.175,15,HOME POSSESSION,133,,,,,"P-D3, P-M3",,,,,,,PNG,15/04/2026
LIVE CODE,6721.575,35.01666667,HOME POSSESSION,134,,,,,P-M3,,,ATTACKING TRANSITION,,,,PNG,15/04/2026
LIVE CODE,6756.991667,6.2,HOME POSSESSION,135,,,,,P-M3,,,,,,,PNG,15/04/2026
LIVE CODE,6761.591667,11.3,HOME POSSESSION,136,Cross Unsuccessful,,,,"P-M3, P-F3, P-F3",,,,"SEAM THREE ENTRY, CROSSES",,,PNG,15/04/2026
LIVE CODE,6770.291667,28.9,HOME POSSESSION,137,Cross Successful,,,PEN AREA ENTRY,"P-F3, P-F3",,SHOT,,CROSSES,,,PNG,15/04/2026
LIVE CODE,6821.491667,25,HOME POSSESSION,138,Cross Unsuccessful,,,PEN AREA ENTRY,"P-M3, P-F3",,,,"SEAM THREE ENTRY, CROSSES",,,PNG,15/04/2026
LIVE CODE,6851.791667,22,HOME POSSESSION,139,Cross Unsuccessful,,,,P-M3,,,,CROSSES,,,PNG,15/04/2026
LIVE CODE,6885.361667,21.5,HOME POSSESSION,140,,,,,P-M3,,,,,,,PNG,15/04/2026
LIVE CODE,6910.461667,23.7,HOME POSSESSION,141,Cross Unsuccessful,,,,"P-M3, P-F3",,,,CROSSES,,,PNG,15/04/2026
LIVE CODE,6931.976667,21.4,HOME POSSESSION,142,Cross Successful,,,,"P-M3, P-F3",,"ON TARGET, SHOT",,CROSSES,,,PNG,15/04/2026
LIVE CODE,6975.15,42.32833333,HOME POSSESSION,143,,,,,"P-M3, P-D3",,,,SEAM 2 ENTRY,,,PNG,15/04/2026
LIVE CODE,7021.896667,34.1,HOME POSSESSION,144,,,,,"P-M3, P-F3",,,,SEAM 2 ENTRY,,,PNG,15/04/2026
LIVE CODE,7060.046667,12.8,HOME POSSESSION,145,Cross Successful,,,PEN AREA ENTRY,P-F3,,,,CROSSES,,,PNG,15/04/2026
LIVE CODE,7122.683322,7.9,HOME POSSESSION,146,,,,,P-M3,,,,,,,PNG,15/04/2026
LIVE CODE,7146.651667,11.7,HOME POSSESSION,147,,,,,"P-M3, P-F3",,,,,,,PNG,15/04/2026
LIVE CODE,7177.151667,35.5,HOME POSSESSION,148,,,,,P-M3,,,,,,,PNG,15/04/2026
LIVE CODE,7214.651667,18.13333333,HOME POSSESSION,149,,,,,P-D3,,,,,,,PNG,15/04/2026
LIVE CODE,7240.685,14.6,HOME POSSESSION,150,Cross Unsuccessful,,,,"P-M3, P-F3",,,,"SEAM 2 ENTRY, CROSSES",,,PNG,15/04/2026
LIVE CODE,7262.385,29.97,HOME POSSESSION,151,,,,,P-M3,,,,,,,PNG,15/04/2026
LIVE CODE,7294.655,4.6,HOME POSSESSION,152,,,,,,,,,,,,PNG,15/04/2026
LIVE CODE,7323.555,24.8,HOME POSSESSION,153,Cross Unsuccessful,,,,"P-M3, P-F3",,,,CROSSES,,,PNG,15/04/2026
LIVE CODE,7383.305,10.6,HOME POSSESSION,154,,,,,P-M3,,,,"SEAM 2 ENTRY, SEAM THREE ENTRY",,,PNG,15/04/2026
LIVE CODE,7424.005,24,HOME POSSESSION,155,,,,,P-M3,,,,,,,PNG,15/04/2026
LIVE CODE,7466.105,13.5,HOME POSSESSION,156,,,,PEN AREA ENTRY,P-F3,,SHOT,ATTACKING TRANSITION,,,,PNG,15/04/2026
LIVE CODE,7514.886667,6.4,HOME POSSESSION,157,,,,,P-M3,,,,,,,PNG,15/04/2026
LIVE CODE,7568.636667,15.41833333,HOME POSSESSION,158,,,,,P-D3,,,,,,,PNG,15/04/2026
LIVE CODE,7586.255,21.85,HOME POSSESSION,159,,,,,P-D3,,,,SEAM 2 ENTRY,,,PNG,15/04/2026
LIVE CODE,7615.105,7.4,HOME POSSESSION,160,,,,,P-F3,,,,,,,PNG,15/04/2026
LIVE CODE,7630.868333,25.6,HOME POSSESSION,161,,,,,"P-M3, P-F3",,,,,,,PNG,15/04/2026
LIVE CODE,7660.568333,18.5,HOME POSSESSION,162,Cross Unsuccessful,,,,P-F3,,,,CROSSES,,,PNG,15/04/2026
LIVE CODE,7686.23315,28.3,HOME POSSESSION,163,,,,,P-F3,,,,,,,PNG,15/04/2026
LIVE CODE,7752.03315,6.6,HOME POSSESSION,164,,,,,P-M3,,,,,,,PNG,15/04/2026
LIVE CODE,7774.33315,16.9,HOME POSSESSION,165,Cross Unsuccessful,,,,P-M3,,,,CROSSES,,,PNG,15/04/2026
LIVE CODE,7796.13315,14.4,HOME POSSESSION,166,,,,PEN AREA ENTRY,"P-M3, P-F3, P-F3",,"ON TARGET, SHOT",,"SEAM 2 ENTRY, SEAM THREE ENTRY",,,PNG,15/04/2026
LIVE CODE,7828.43315,8.2,HOME POSSESSION,167,,,,,"P-D3, P-M3",,,,,,,PNG,15/04/2026
LIVE CODE,706.2426451,24.20296775,AWAY POSSESSION,1,,,,,"P-D3, P-M3",,,,,,,PNG,15/04/2026
LIVE CODE,740.7500738,5.395614709,AWAY POSSESSION,2,,,,,P-M3,,,,,,,PNG,15/04/2026
LIVE CODE,769.7452451,9.500762083,AWAY POSSESSION,3,,,,,P-M3,,,,,,,PNG,15/04/2026
LIVE CODE,786.3459101,6.395351749,AWAY POSSESSION,4,,,,,P-M3,,,,,,,PNG,15/04/2026
LIVE CODE,812.070975,5.475124958,AWAY POSSESSION,5,,,,,P-M3,,,,,,,PNG,15/04/2026
LIVE CODE,829.2792892,16.26316704,AWAY POSSESSION,6,,,,,P-M3,,,,,,,PNG,15/04/2026
LIVE CODE,870.4825067,14.16372096,AWAY POSSESSION,7,,,,,P-D3,,,,,,,PNG,15/04/2026
LIVE CODE,886.7850309,11.507797,AWAY POSSESSION,8,,,,,P-D3,,,,,,,PNG,15/04/2026
LIVE CODE,941.2461209,5.596950417,AWAY POSSESSION,9,,,,,,,,,,,,PNG,15/04/2026
LIVE CODE,956.645934,10.67959458,AWAY POSSESSION,10,,,,,P-M3,,,ATTACKING TRANSITION,,,,PNG,15/04/2026
LIVE CODE,967.5624465,7.646994332,AWAY POSSESSION,11,,,,,P-M3,,,,,,,PNG,15/04/2026
LIVE CODE,976.1944432,5.751155166,AWAY POSSESSION,12,,,,,P-D3,,,,,,,PNG,15/04/2026
LIVE CODE,1006.743807,24.28810042,AWAY POSSESSION,13,,,,,"P-D3, P-M3",,,ATTACKING TRANSITION,SEAM 2 ENTRY,,,PNG,15/04/2026
LIVE CODE,1040.854233,6.991592333,AWAY POSSESSION,14,,,,,P-D3,,,,,,,PNG,15/04/2026
LIVE CODE,1059.045829,10.09974033,AWAY POSSESSION,15,,,,,P-D3,,,,,,,PNG,15/04/2026
LIVE CODE,1163.26978,7.176157001,AWAY POSSESSION,16,,,,,P-D3,,,,,,,PNG,15/04/2026
LIVE CODE,1181.476678,14.56893633,AWAY POSSESSION,17,,,,,P-M3,,,,,,,PNG,15/04/2026
LIVE CODE,1200.145661,14.32855096,AWAY POSSESSION,18,,,,,P-D3,,,,,,,PNG,15/04/2026
LIVE CODE,1243.445263,23.22716321,AWAY POSSESSION,19,,,,,"P-D3, P-M3",,,,,,,PNG,15/04/2026
LIVE CODE,1292.145742,13.19770533,AWAY POSSESSION,20,,,,,P-M3,,,,,,,PNG,15/04/2026
LIVE CODE,1331.146205,6.099390125,AWAY POSSESSION,21,,,,,P-D3,,,ATTACKING TRANSITION,,,,PNG,15/04/2026
LIVE CODE,1444.696944,12.27830523,AWAY POSSESSION,22,,,,,P-D3,,,,,,,PNG,15/04/2026
LIVE CODE,1458.37525,18.79993181,AWAY POSSESSION,23,,,,,P-D3,,,,,,,PNG,15/04/2026
LIVE CODE,1525.486338,11.59999994,AWAY POSSESSION,24,,,,,P-D3,,,ATTACKING TRANSITION,,,,PNG,15/04/2026
LIVE CODE,1562.686338,8.3,AWAY POSSESSION,25,,,,,P-D3,,,,,,,PNG,15/04/2026
LIVE CODE,1598.536281,17.8,AWAY POSSESSION,26,,,,,"P-D3, P-M3",,,,,,,PNG,15/04/2026
LIVE CODE,1613.336281,9.1,AWAY POSSESSION,27,,,,,,,,ATTACKING TRANSITION,,,,PNG,15/04/2026
LIVE CODE,1628.036281,7.3,AWAY POSSESSION,28,,,,,P-D3,,,,,,,PNG,15/04/2026
LIVE CODE,1686.286667,30.8,AWAY POSSESSION,29,,,,,P-D3,,,,,,,PNG,15/04/2026
LIVE CODE,1733.136667,12.11662132,AWAY POSSESSION,30,,LBFB - WIN,,,P-D3,LBSB - WIN,,,,,,PNG,15/04/2026
LIVE CODE,1755.753288,7.7,AWAY POSSESSION,31,,,,,P-D3,,,,,,,PNG,15/04/2026
LIVE CODE,1801.753288,10.7,AWAY POSSESSION,32,,,,,P-D3,,,,,,,PNG,15/04/2026
LIVE CODE,1822.253288,5.7,AWAY POSSESSION,33,,,,,P-D3,,,,,,,PNG,15/04/2026
LIVE CODE,1829.053288,14.6,AWAY POSSESSION,34,,,,,P-D3,,,ATTACKING TRANSITION,,,,PNG,15/04/2026
LIVE CODE,1872.953288,23.4,AWAY POSSESSION,35,,,,,P-M3,,,,,,,PNG,15/04/2026
LIVE CODE,1911.653288,14.9,AWAY POSSESSION,36,,LBFB - WIN,,,P-D3,,,,,,,PNG,15/04/2026
LIVE CODE,1956.676667,10.4,AWAY POSSESSION,37,,,,,P-M3,,,,,,,PNG,15/04/2026
LIVE CODE,1979.176667,12.2,AWAY POSSESSION,38,,,,,P-M3,,,,,,,PNG,15/04/2026
LIVE CODE,2089.811429,12.49999995,AWAY POSSESSION,39,,,,,P-D3,,,,,,,PNG,15/04/2026
LIVE CODE,2115.711406,13.99999994,AWAY POSSESSION,40,,LBFB - WIN,,,P-D3,,,,,,,PNG,15/04/2026
LIVE CODE,2159.111406,17.49999992,AWAY POSSESSION,41,,LBFB - WIN,,,P-D3,LBSB - WIN,,,,,,PNG,15/04/2026
LIVE CODE,2174.811406,7.099999977,AWAY POSSESSION,42,,,,,P-M3,,,,,,,PNG,15/04/2026
LIVE CODE,2244.111405,15.99999993,AWAY POSSESSION,43,,,,,P-D3,,,,,,,PNG,15/04/2026
LIVE CODE,2274.911405,6.899999979,AWAY POSSESSION,44,,LBFB - LOSS,,,P-M3,LBSB - WIN,,,,,,PNG,15/04/2026
LIVE CODE,2309.811405,5.299999987,AWAY POSSESSION,45,,,,,P-D3,,,,,,,PNG,15/04/2026
LIVE CODE,2331.511405,5.799999984,AWAY POSSESSION,46,,,,,P-M3,,,,,,,PNG,15/04/2026
LIVE CODE,2342.511405,9.899999963,AWAY POSSESSION,47,,,,,P-M3,,,,,,,PNG,15/04/2026
LIVE CODE,2392.811404,15.69999993,AWAY POSSESSION,48,,,,,P-D3,,,,,,,PNG,15/04/2026
LIVE CODE,2427.511404,15.79999993,AWAY POSSESSION,49,,LBFB - WIN,,,P-D3,,,,,,,PNG,15/04/2026
LIVE CODE,2453.17483,11.51343538,AWAY POSSESSION,50,,,,,P-M3,,,,,,,PNG,15/04/2026
LIVE CODE,2479.399773,7.099999979,AWAY POSSESSION,51,,,,,P-M3,,,ATTACKING TRANSITION,,,,PNG,15/04/2026
LIVE CODE,2486.699773,9.999999962,AWAY POSSESSION,52,,,,,P-M3,,,ATTACKING TRANSITION,,,,PNG,15/04/2026
LIVE CODE,2500.699773,17.39999992,AWAY POSSESSION,53,,LBFB - WIN,,,P-D3,LBSB - WIN,,,,,,PNG,15/04/2026
LIVE CODE,2531.399773,4.599999991,AWAY POSSESSION,54,,,,,,,,,,,,PNG,15/04/2026
LIVE CODE,2574.143333,14.09999994,AWAY POSSESSION,55,,,,,P-D3,,,,,,,PNG,15/04/2026
LIVE CODE,2589.243333,6.099999983,AWAY POSSESSION,56,,,,,P-D3,,,,,,,PNG,15/04/2026
LIVE CODE,2718.728231,21.01160997,AWAY POSSESSION,57,,,,,P-D3,,,,,,,PNG,15/04/2026
LIVE CODE,2758.513243,10.59999996,AWAY POSSESSION,58,,,,,P-M3,,,,,,,PNG,15/04/2026
LIVE CODE,2771.913243,14.49999994,AWAY POSSESSION,59,,,,,P-M3,,,ATTACKING TRANSITION,,,,PNG,15/04/2026
LIVE CODE,2912.009887,6.599999982,AWAY POSSESSION,60,,,,,P-M3,,,,,,,PNG,15/04/2026
LIVE CODE,2919.909887,5.599999986,AWAY POSSESSION,61,,,,,P-M3,,,,,,,PNG,15/04/2026
LIVE CODE,2936.509886,10.19999996,AWAY POSSESSION,62,,,,,P-D3,,,,,,,PNG,15/04/2026
LIVE CODE,2966.909886,17.24998901,AWAY POSSESSION,63,,LBFB - WIN,,,P-D3,LBSB - WIN,,,,,,PNG,15/04/2026
LIVE CODE,3011.459875,26.39999987,AWAY POSSESSION,64,,,,,P-D3,,,,,,,PNG,15/04/2026
LIVE CODE,3055.459875,9.799999963,AWAY POSSESSION,65,,,,,P-M3,,,,,,,PNG,15/04/2026
LIVE CODE,3065.959875,8.699999969,AWAY POSSESSION,66,Cross Unsuccessful,,,,P-F3,,,,CROSSES,,,PNG,15/04/2026
LIVE CODE,3087.059875,14.39999994,AWAY POSSESSION,67,,,,,"P-D3, P-M3",,,,,,,PNG,15/04/2026
LIVE CODE,3107.459875,8.799999969,AWAY POSSESSION,68,,,,,P-D3,,,,,,,PNG,15/04/2026
LIVE CODE,3140.888322,8.15,AWAY POSSESSION,69,,LBFB - WIN,,,P-D3,LBSB - WIN,,,,,,PNG,15/04/2026
LIVE CODE,3148.938322,17.8,AWAY POSSESSION,70,,,,,"P-D3, P-F3",,,,,,,PNG,15/04/2026
LIVE CODE,3186.938322,19.2,AWAY POSSESSION,71,,LBFB - LOSS,,,P-D3,,,,,,,PNG,15/04/2026
LIVE CODE,3234.838322,20.3,AWAY POSSESSION,72,,LBFB - WIN,,,P-D3,LBSB - WIN,,,,,,PNG,15/04/2026
LIVE CODE,3283.038322,8.4,AWAY POSSESSION,73,,,,,P-D3,,,ATTACKING TRANSITION,,,,PNG,15/04/2026
LIVE CODE,3316.738322,11,AWAY POSSESSION,74,,,,,P-D3,,,,,,,PNG,15/04/2026
LIVE CODE,3360.438322,11.1,AWAY POSSESSION,75,,LBFB - WIN,,,P-D3,LBSB - WIN,,,,,,PNG,15/04/2026
LIVE CODE,3371.038322,13.9,AWAY POSSESSION,76,,LBFB - WIN,,,P-D3,,,,,,,PNG,15/04/2026
LIVE CODE,3412.638322,17.9,AWAY POSSESSION,77,,LBFB - WIN,,,P-D3,LBSB - WIN,,,,,,PNG,15/04/2026
LIVE CODE,3753.500862,10.7,AWAY POSSESSION,78,,LBFB - WIN,,,P-D3,LBSB - WIN,,,,,,PNG,15/04/2026
LIVE CODE,3805.000862,6.2,AWAY POSSESSION,79,,,,,P-D3,,,,,,,PNG,15/04/2026
LIVE CODE,3842.150862,8.9,AWAY POSSESSION,80,,,,,P-D3,,,,,,,PNG,15/04/2026
LIVE CODE,3884.250862,17.8,AWAY POSSESSION,81,,LBFB - WIN,,,P-D3,LBSB - WIN,,,,,,PNG,15/04/2026
LIVE CODE,3908.850862,11.2,AWAY POSSESSION,82,,,,,P-M3,,,ATTACKING TRANSITION,,,,PNG,15/04/2026
LIVE CODE,3919.950862,13.6,AWAY POSSESSION,83,,,,,P-D3,,,,,,,PNG,15/04/2026
LIVE CODE,4835.327449,12,AWAY POSSESSION,84,,,,,P-M3,,,,,,,PNG,15/04/2026
LIVE CODE,4866.427449,14.3,AWAY POSSESSION,85,,,,,P-D3,,,,,,,PNG,15/04/2026
LIVE CODE,4880.527449,7.8,AWAY POSSESSION,86,,,,,P-D3,,,,,,,PNG,15/04/2026
LIVE CODE,4905.927449,9.449988662,AWAY POSSESSION,87,,,,,"P-M3, P-F3",,SHOT,ATTACKING TRANSITION,,,,PNG,15/04/2026
LIVE CODE,4941.677438,7.5,AWAY POSSESSION,88,,,,,P-M3,,,,,,,PNG,15/04/2026
LIVE CODE,4949.577438,4.3,AWAY POSSESSION,89,,,,,,,,,,,,PNG,15/04/2026
LIVE CODE,4960.077438,20.8,AWAY POSSESSION,90,,LBFB - WIN,,,"P-D3, P-M3",,,,CROSSES,,,PNG,15/04/2026
LIVE CODE,5003.877426,13.1,AWAY POSSESSION,91,,LBFB - WIN,,,P-D3,,,,CROSSES,,,PNG,15/04/2026
LIVE CODE,5016.377426,5.5,AWAY POSSESSION,92,,,,,P-M3,,,,,,,PNG,15/04/2026
LIVE CODE,5106.927426,13.9,AWAY POSSESSION,93,,,,,P-D3,,,,,,,PNG,15/04/2026
LIVE CODE,5126.227426,12.7,AWAY POSSESSION,94,,LBFB - WIN,,,P-D3,LBSB - WIN,,ATTACKING TRANSITION,,,,PNG,15/04/2026
LIVE CODE,5139.227426,9,AWAY POSSESSION,95,,,,,"P-M3, P-F3",,,,,,,PNG,15/04/2026
LIVE CODE,5195.366621,11.2,AWAY POSSESSION,96,,LBFB - WIN,,,P-D3,,,,,,,PNG,15/04/2026
LIVE CODE,5206.966621,13.4,AWAY POSSESSION,97,,,,,"P-D3, P-M3",,,,,,,PNG,15/04/2026
LIVE CODE,5226.066621,11.8,AWAY POSSESSION,98,,,,,P-M3,,,ATTACKING TRANSITION,,,,PNG,15/04/2026
LIVE CODE,5255.316621,22.54998866,AWAY POSSESSION,99,,LBFB - WIN,,,P-D3,,,,,,,PNG,15/04/2026
LIVE CODE,5279.06661,12.2,AWAY POSSESSION,100,,,,,P-D3,,,,,,,PNG,15/04/2026
LIVE CODE,5294.06661,5.6,AWAY POSSESSION,101,,,,,,,,,,,,PNG,15/04/2026
LIVE CODE,5315.96661,9.3,AWAY POSSESSION,102,,,,,P-D3,,,,,,,PNG,15/04/2026
LIVE CODE,5325.66661,17.3,AWAY POSSESSION,103,,LBFB - WIN,,,"P-D3, P-D3",LBSB - WIN,,,,,,PNG,15/04/2026
LIVE CODE,5355.11661,15.22004535,AWAY POSSESSION,104,,,,,P-M3,,,,,,,PNG,15/04/2026
LIVE CODE,5379.036655,7.7,AWAY POSSESSION,105,,,,,P-D3,,,,,,,PNG,15/04/2026
LIVE CODE,5480.521224,10,AWAY POSSESSION,106,,,,,P-M3,,,,,,,PNG,15/04/2026
LIVE CODE,5521.121224,14.2,AWAY POSSESSION,107,,,,,P-D3,,,,,,,PNG,15/04/2026
LIVE CODE,5547.221224,32.4,AWAY POSSESSION,108,,"LBFB - WIN, LBFB - WIN",,,P-D3,,,,CROSSES,,,PNG,15/04/2026
LIVE CODE,5613.986655,22.8,AWAY POSSESSION,109,,,,,"P-M3, P-F3",,,,,,,PNG,15/04/2026
LIVE CODE,5648.086655,19.6,AWAY POSSESSION,110,,LBFB - WIN,,,P-D3,LBSB - WIN,,,,,,PNG,15/04/2026
LIVE CODE,5664.686655,6,AWAY POSSESSION,111,,,,,P-M3,,,,,,,PNG,15/04/2026
LIVE CODE,5698.086655,6.7,AWAY POSSESSION,112,,,,,,,,,,,,PNG,15/04/2026
LIVE CODE,5705.5,5.1,AWAY POSSESSION,113,,,,,,,,,,,,PNG,15/04/2026
LIVE CODE,5737.8,18.573322,AWAY POSSESSION,114,,,,,P-D3,,,,,,,PNG,15/04/2026
LIVE CODE,5767.846667,4.8,AWAY POSSESSION,115,,,,,P-M3,,,,,,,PNG,15/04/2026
LIVE CODE,5807.746667,7.3,AWAY POSSESSION,116,,,,,P-M3,,,ATTACKING TRANSITION,,,,PNG,15/04/2026
LIVE CODE,5825.563311,6.1,AWAY POSSESSION,117,,,,,P-D3,,,,,,,PNG,15/04/2026
LIVE CODE,5870.163311,18.42334467,AWAY POSSESSION,118,,LBFB - WIN,,,P-D3,,,,CROSSES,,,PNG,15/04/2026
LIVE CODE,5887.686655,5.9,AWAY POSSESSION,119,,,,,P-M3,,,ATTACKING TRANSITION,,,,PNG,15/04/2026
LIVE CODE,5926.66,14.6,AWAY POSSESSION,120,,,,,P-D3,,,,,,,PNG,15/04/2026
LIVE CODE,6021.731667,18.89166667,AWAY POSSESSION,121,,LBFB - WIN,,,P-D3,,,,,,,PNG,15/04/2026
LIVE CODE,6113.939955,3.3,AWAY POSSESSION,122,,,,,,,,,,,,PNG,15/04/2026
LIVE CODE,6119.839955,6.8,AWAY POSSESSION,123,,,,,P-D3,,,,,,,PNG,15/04/2026
LIVE CODE,6169.236667,5.5,AWAY POSSESSION,124,,LBFB - WIN,,,P-D3,LBSB - WIN,,,,,,PNG,15/04/2026
LIVE CODE,6219.278333,11.8,AWAY POSSESSION,125,,LBFB - WIN,,,P-D3,LBSB - WIN,,,,,,PNG,15/04/2026
LIVE CODE,6257.378333,5.5,AWAY POSSESSION,126,,,,,P-D3,,,,,,,PNG,15/04/2026
LIVE CODE,6281.278333,17.3,AWAY POSSESSION,127,,LBFB - WIN,,,P-D3,LBSB - WIN,,,,,,PNG,15/04/2026
LIVE CODE,6304.578333,22.7,AWAY POSSESSION,128,,,,,P-D3,,,,,,,PNG,15/04/2026
LIVE CODE,6340.578333,10.4,AWAY POSSESSION,129,,,,,P-D3,,,,,,,PNG,15/04/2026
LIVE CODE,6360.778333,19.4,AWAY POSSESSION,130,,LBFB - WIN,,,P-D3,LBSB - WIN,,,,,,PNG,15/04/2026
LIVE CODE,6398.578333,22.1,AWAY POSSESSION,131,,LBFB - WIN,,,P-D3,LBSB - WIN,,,,,,PNG,15/04/2026
LIVE CODE,6462.238333,14.1,AWAY POSSESSION,132,,,,,P-D3,,,,,,,PNG,15/04/2026
LIVE CODE,6491.938333,9.1,AWAY POSSESSION,133,,,,,P-D3,,,,,,,PNG,15/04/2026
LIVE CODE,6577.061667,14.41333333,AWAY POSSESSION,134,,,,,P-D3,,,,,,,PNG,15/04/2026
LIVE CODE,6683.575,3.5,AWAY POSSESSION,135,,,,,,,,,,,,PNG,15/04/2026
LIVE CODE,6688.075,20.1,AWAY POSSESSION,136,,,,,P-D3,,,,,,,PNG,15/04/2026
LIVE CODE,6717.175,7.4,AWAY POSSESSION,137,,,,,P-M3,,,,,,,PNG,15/04/2026
LIVE CODE,6753.591667,6.4,AWAY POSSESSION,138,,,,,P-M3,,,ATTACKING TRANSITION,,,,PNG,15/04/2026
LIVE CODE,6760.191667,4.4,AWAY POSSESSION,139,,,,,P-M3,,,,,,,PNG,15/04/2026
LIVE CODE,6813.191667,11.3,AWAY POSSESSION,140,,,,,P-D3,,,,SEAM 2 ENTRY,,,PNG,15/04/2026
LIVE CODE,6843.491667,11.3,AWAY POSSESSION,141,,,,,P-D3,,,,,,,PNG,15/04/2026
LIVE CODE,6870.791667,12.7,AWAY POSSESSION,142,,,,,P-D3,,,,,,,PNG,15/04/2026
LIVE CODE,6903.861667,9.6,AWAY POSSESSION,143,,,,,P-M3,,,,,,,PNG,15/04/2026
LIVE CODE,6959.65,16.6,AWAY POSSESSION,144,,LBFB - WIN,,,P-D3,LBSB - WIN,,,,,,PNG,15/04/2026
LIVE CODE,7014.478333,6,AWAY POSSESSION,145,,,,,P-D3,,,,,,,PNG,15/04/2026
LIVE CODE,7069.846667,5.6,AWAY POSSESSION,146,,,,,P-D3,,,,,,,PNG,15/04/2026
LIVE CODE,7121.083322,4.6,AWAY POSSESSION,147,,,,,P-D3,,,,,,,PNG,15/04/2026
LIVE CODE,7137.98,11.67166667,AWAY POSSESSION,148,,,,,P-M3,,,,,,,PNG,15/04/2026
LIVE CODE,7155.351667,9.2,AWAY POSSESSION,149,,,,,P-D3,,,,,,,PNG,15/04/2026
LIVE CODE,7165.451667,14.7,AWAY POSSESSION,150,,,,,P-M3,,,,,,,PNG,15/04/2026
LIVE CODE,7209.651667,8,AWAY POSSESSION,151,,,,,P-M3,,,ATTACKING TRANSITION,,,,PNG,15/04/2026
LIVE CODE,7229.785,13.9,AWAY POSSESSION,152,,,,,P-M3,,,,,,,PNG,15/04/2026
LIVE CODE,7252.285,5.6,AWAY POSSESSION,153,,,,,P-D3,,,,,,,PNG,15/04/2026
LIVE CODE,7257.385,8,AWAY POSSESSION,154,,,,,P-M3,,,,,,,PNG,15/04/2026
LIVE CODE,7289.355,8.3,AWAY POSSESSION,155,,,,,P-D3,,,,,,,PNG,15/04/2026
LIVE CODE,7313.255,13.3,AWAY POSSESSION,156,,,,,"P-D3, P-M3",,,,,,,PNG,15/04/2026
LIVE CODE,7352.155,21.15,AWAY POSSESSION,157,,,,,P-D3,,,,,,,PNG,15/04/2026
LIVE CODE,7377.305,9,AWAY POSSESSION,158,,,,,P-D3,,,,,,,PNG,15/04/2026
LIVE CODE,7404.105,8.4,AWAY POSSESSION,159,,,,,P-D3,,,,,,,PNG,15/04/2026
LIVE CODE,7415.505,11.5,AWAY POSSESSION,160,,,,,P-D3,,,,,,,PNG,15/04/2026
LIVE CODE,7455.705,13.4,AWAY POSSESSION,161,,,,,P-D3,,,,,,,PNG,15/04/2026
LIVE CODE,7489.873333,14.91333333,AWAY POSSESSION,162,,LBFB - WIN,,,P-D3,,,,,,,PNG,15/04/2026
LIVE CODE,7503.986667,13.9,AWAY POSSESSION,163,,LBFB - WIN,,,P-D3,LBSB - WIN,,,,,,PNG,15/04/2026
LIVE CODE,7581.055,8.2,AWAY POSSESSION,164,,,,,P-M3,,,,,,,PNG,15/04/2026
LIVE CODE,7605.105,13,AWAY POSSESSION,165,,,,,P-D3,,,,,,,PNG,15/04/2026
LIVE CODE,7619.505,5.7,AWAY POSSESSION,166,,,,,P-D3,,,,,,,PNG,15/04/2026
LIVE CODE,7676.068333,10.86481695,AWAY POSSESSION,167,,,,,P-D3,,,,,,,PNG,15/04/2026
LIVE CODE,7719.83315,22.2,AWAY POSSESSION,168,,,,,P-D3,,,,,,,PNG,15/04/2026
LIVE CODE,7744.33315,10.7,AWAY POSSESSION,169,,,,,P-D3,,,,,,,PNG,15/04/2026
LIVE CODE,7755.63315,5.4,AWAY POSSESSION,170,,,,,P-D3,,,,,,,PNG,15/04/2026
LIVE CODE,7788.23315,10.9,AWAY POSSESSION,171,,,,,P-D3,,,,,,,PNG,15/04/2026
LIVE CODE,7807.53315,23.9,AWAY POSSESSION,172,,LBFB - WIN,,,P-D3,,,,,,,PNG,15/04/2026
LIVE CODE,898.9725067,26.02881946,INJURY,1,,,,,,,,,,,,PNG,15/04/2026
LIVE CODE,1061.145401,64.49982408,INJURY,2,,,,,,,,,,,,PNG,15/04/2026
LIVE CODE,919.7841734,24.86158287,HOME SET PIECE,1,,,,,,,SHOT,,,,,PNG,15/04/2026
LIVE CODE,1414.240514,17.93966129,HOME SET PIECE,2,,,,,,,SHOT,,,,,PNG,15/04/2026
LIVE CODE,1499.775034,28.71130386,HOME SET PIECE,3,,,,,P-D3,,SHOT,"ATTACKING TRANSITION, ATTACKING TRANSITION",,,,PNG,15/04/2026
LIVE CODE,1637.036281,39.45038549,HOME SET PIECE,4,,,,,,,"SHOT, SHOT",,,,,PNG,15/04/2026
LIVE CODE,1781.153288,15,HOME SET PIECE,5,Cross Unsuccessful,,,,,,,,CROSSES,,,PNG,15/04/2026
LIVE CODE,2205.111405,23.3999999,HOME SET PIECE,6,,,,,,,SHOT,,,,,PNG,15/04/2026
LIVE CODE,2361.811405,22.8999999,HOME SET PIECE,7,,,,,,,,,,,,PNG,15/04/2026
LIVE CODE,2552.599444,14.34388888,HOME SET PIECE,8,,,,,,,SHOT,,,,,PNG,15/04/2026
LIVE CODE,5047.227426,20.5,HOME SET PIECE,9,,,,,,,,,,,,PNG,15/04/2026
LIVE CODE,5078.927426,18.1,HOME SET PIECE,10,,,,,,,SHOT,,,,,PNG,15/04/2026
LIVE CODE,5997.231667,23.3,HOME SET PIECE,11,Cross Unsuccessful,,,,,,,,CROSSES,,,PNG,15/04/2026
LIVE CODE,6564.411667,15.45,HOME SET PIECE,12,,,,,,,"ON TARGET, SHOT",,,,,PNG,15/04/2026
LIVE CODE,7103.218322,20.865,HOME SET PIECE,13,,,,,,,,,,,,PNG,15/04/2026
LIVE CODE,1942.976667,11.6,AWAY SET PIECE,1,,,,,,,,,,,,PNG,15/04/2026
LIVE CODE,7547.586667,24.55,AWAY SET PIECE,2,,,,,,,,,,,,PNG,15/04/2026
LIVE CODE,842.5424563,19.95591317,Untitled 1,1,,,,PEN AREA ENTRY,"P-D3, P-F3",,SHOT,,SEAM THREE ENTRY,,,PNG,15/04/2026
LIVE CODE,919.7841734,24.86158287,Untitled 1,2,,,,,,,SHOT,,,,,PNG,15/04/2026
LIVE CODE,1414.240514,17.93966129,Untitled 1,3,,,,,,,SHOT,,,,,PNG,15/04/2026
LIVE CODE,1499.775034,28.71130386,Untitled 1,4,,,,,P-D3,,SHOT,"ATTACKING TRANSITION, ATTACKING TRANSITION",,,,PNG,15/04/2026
LIVE CODE,1637.036281,39.45038549,Untitled 1,5,,,,,,,"SHOT, SHOT",,,,,PNG,15/04/2026
LIVE CODE,1714.086667,9,Untitled 1,6,,,,,P-F3,,SHOT,ATTACKING TRANSITION,,,,PNG,15/04/2026
LIVE CODE,1760.453288,12.1,Untitled 1,7,,,,,P-F3,,SHOT,,,,,PNG,15/04/2026
LIVE CODE,2126.711406,35.39999983,Untitled 1,8,,,,PEN AREA ENTRY,"P-M3, P-F3",,"ON TARGET, SHOT, ON TARGET, SHOT, SHOT",,"SEAM 2 ENTRY, SEAM THREE ENTRY",,,PNG,15/04/2026
LIVE CODE,2178.911406,11.99999995,Untitled 1,9,,,,PEN AREA ENTRY,"P-M3, P-F3",,"ON TARGET, SHOT",ATTACKING TRANSITION,SEAM THREE ENTRY,,,PNG,15/04/2026
LIVE CODE,2205.111405,23.3999999,Untitled 1,10,,,,,,,SHOT,,,,,PNG,15/04/2026
LIVE CODE,2552.599444,14.34388888,Untitled 1,11,,,,,,,SHOT,,,,,PNG,15/04/2026
LIVE CODE,3113.259875,10.80845877,Untitled 1,12,,,,PEN AREA ENTRY,"P-F3, P-F3",,SHOT,,SEAM THREE ENTRY,,,PNG,15/04/2026
LIVE CODE,3163.738322,26.2,Untitled 1,13,,,,,"P-D3, P-M3",,"ON TARGET, SHOT, SHOT",,SEAM THREE ENTRY,,,PNG,15/04/2026
LIVE CODE,3324.738322,17.6,Untitled 1,14,Cross Successful,,,,P-F3,,SHOT,,"SEAM 2 ENTRY, CROSSES",,,PNG,15/04/2026
LIVE CODE,3386.738322,28.9,Untitled 1,15,Cross Successful,,,,P-F3,,"ON TARGET, SHOT",,CROSSES,,,PNG,15/04/2026
LIVE CODE,3808.200862,12.9,Untitled 1,16,,,,PEN AREA ENTRY,"P-M3, P-F3",,SHOT,,SEAM THREE ENTRY,,,PNG,15/04/2026
LIVE CODE,3848.050862,39.2,Untitled 1,17,Cross Successful,,,,"P-M3, P-F3",,SHOT,,"SEAM 2 ENTRY, SEAM THREE ENTRY, CROSSES",,,PNG,15/04/2026
LIVE CODE,4905.927449,9.449988662,Untitled 1,18,,,,,"P-M3, P-F3",,SHOT,ATTACKING TRANSITION,,,,PNG,15/04/2026
LIVE CODE,4985.277438,13.9,Untitled 1,19,Cross Successful,,,,"P-M3, P-F3",,SHOT,,CROSSES,,,PNG,15/04/2026
LIVE CODE,5078.927426,18.1,Untitled 1,20,,,,,,,SHOT,,,,,PNG,15/04/2026
LIVE CODE,5117.827426,11.4,Untitled 1,21,Cross Successful,,,,P-F3,,"ON TARGET, SHOT, SHOT",,CROSSES,,,PNG,15/04/2026
LIVE CODE,5145.227426,24.2,Untitled 1,22,Cross Successful,,,,"P-D3, P-F3",,SHOT,,"SEAM 2 ENTRY, CROSSES",,,PNG,15/04/2026
LIVE CODE,5387.936655,20.3,Untitled 1,23,Cross Successful,,,PEN AREA ENTRY,"P-F3, P-F3",,"ON TARGET, SHOT, GOAL",,"SEAM THREE ENTRY, CROSSES",,,PNG,15/04/2026
LIVE CODE,5532.321224,17.9,Untitled 1,24,,,,,"P-M3, P-F3",,"ON TARGET, SHOT",,SEAM THREE ENTRY,,,PNG,15/04/2026
LIVE CODE,5681.486655,11,Untitled 1,25,,,,PEN AREA ENTRY,P-F3,,SHOT,,,,,PNG,15/04/2026
LIVE CODE,5701.786655,6.713344671,Untitled 1,26,,,,PEN AREA ENTRY,P-F3,,"ON TARGET, SHOT",,,,,PNG,15/04/2026
LIVE CODE,5828.663311,44.5,Untitled 1,27,,,,,P-M3,,SHOT,,"SEAM 2 ENTRY, SEAM 2 ENTRY",,,PNG,15/04/2026
LIVE CODE,6206.978333,11.9,Untitled 1,28,Cross Successful,,,,"P-M3, P-F3",,"SHOT, ON TARGET, SHOT",,"SEAM 2 ENTRY, CROSSES",,,PNG,15/04/2026
LIVE CODE,6564.411667,15.45,Untitled 1,29,,,,,,,"ON TARGET, SHOT",,,,,PNG,15/04/2026
LIVE CODE,6770.291667,28.9,Untitled 1,30,Cross Successful,,,PEN AREA ENTRY,"P-F3, P-F3",,SHOT,,CROSSES,,,PNG,15/04/2026
LIVE CODE,6931.976667,21.4,Untitled 1,31,Cross Successful,,,,"P-M3, P-F3",,"ON TARGET, SHOT",,CROSSES,,,PNG,15/04/2026
LIVE CODE,7466.105,13.5,Untitled 1,32,,,,PEN AREA ENTRY,P-F3,,SHOT,ATTACKING TRANSITION,,,,PNG,15/04/2026
LIVE CODE,7796.13315,14.4,Untitled 1,33,,,,PEN AREA ENTRY,"P-M3, P-F3, P-F3",,"ON TARGET, SHOT",,"SEAM 2 ENTRY, SEAM THREE ENTRY",,,PNG,15/04/2026