Timeline,Start time,Duration,Row,Instance number,CROSSING,FIRST PHASE,OFFSIDE,PEN AREA ENTRY,POSSESSION THIRDS,SECOND PHASE,SHOOTING,TRANSITION,Ungrouped,Notes,Flags
LIVE,46.21833333333336,34.572999999999865,HOME POSSESSION,1,,,,,"P-M3, P-M3",,,,SEAM 2 ENTRY,,
LIVE,81.41033333333314,27.447000000000116,HOME POSSESSION,2,,,,,"P-M3, P-F3",,,,SEAM 2 ENTRY,,
LIVE,108.69933333333336,3.6319999999998345,HOME POSSESSION,3,,,,,,,,,,,
LIVE,111.01033333333328,5.399999999999864,HOME POSSESSION,4,,,,,,,,,,,
LIVE,143.54633333333334,7.764999999999873,HOME POSSESSION,5,,,,,"P-M3, P-F3",,SHOT,,,,
LIVE,169.02633333333335,21.867999999999938,HOME POSSESSION,6,Cross Unsuccessful,,,,"P-M3, P-F3",,,,SEAM 2 ENTRY,,
LIVE,189.11433333333332,12.495999999999867,HOME POSSESSION,7,Cross Unsuccessful,,,,P-F3,LBSB - WIN,,,,,
LIVE,205.48133333333328,24.526000000000067,HOME POSSESSION,8,,,,,P-F3,,,,SEAM 2 ENTRY,,
LIVE,234.66033333333314,15.848000000000184,HOME POSSESSION,9,Cross Successful,,,,"P-M3, P-F3",,SHOT,,,,
LIVE,275.2583333333333,11.64799999999991,HOME POSSESSION,10,,,,,P-M3,,,,SEAM 2 ENTRY,,
LIVE,290.1293333333332,21.779999999999973,HOME POSSESSION,11,,,,,P-F3,,,,SEAM 2 ENTRY,,
LIVE,320.8439256373938,15.266407695939392,HOME POSSESSION,12,,LBFB - WIN,,PEN AREA ENTRY,,,"ON TARGET, SHOT, GOAL, ON TARGET, SHOT",,,,
LIVE,325.27133333333325,10.838999999999942,HOME POSSESSION,13,,LBFB - WIN,,PEN AREA ENTRY,,,"ON TARGET, SHOT, GOAL, ON TARGET, SHOT",,,,
LIVE,377.3453333333333,34.261999999999944,HOME POSSESSION,14,,LBFB - WIN,,,,LBSB - WIN,,,,,
LIVE,445.7913333333332,28.919000000000096,HOME POSSESSION,15,,,,PEN AREA ENTRY,"P-M3, P-F3",,SHOT,,SEAM 2 ENTRY,,
LIVE,513.4113333333333,23.39099999999985,HOME POSSESSION,16,,,,,P-M3,,,,SEAM 2 ENTRY,,
LIVE,538.1053333333333,19.242999999999938,HOME POSSESSION,17,,,,,P-M3,,,,,,
LIVE,557.5113333333333,28.39996687022483,HOME POSSESSION,18,Cross Successful,,,"PEN AREA ENTRY, PEN AREA ENTRY","P-M3, P-D3, P-F3",,SHOT,,"SEAM 2 ENTRY, SEAM THREE ENTRY",,
LIVE,626.3603333333332,15.851000000000113,HOME POSSESSION,19,,,,,P-M3,,,,,,
LIVE,643.4773333333331,16.341000000000122,HOME POSSESSION,20,,,,,"P-M3, P-F3",,,,SEAM 2 ENTRY,,
LIVE,664.2263333333332,26.480999999999995,HOME POSSESSION,21,,,,,P-M3,,,,SEAM 2 ENTRY,,
LIVE,708.6733333333333,6.7349999999999,HOME POSSESSION,22,,,,,"P-M3, P-M3, P-F3",,,,,,
LIVE,715.7103333333333,32.99599999999987,HOME POSSESSION,23,,,,PEN AREA ENTRY,"P-M3, P-F3",,,,SEAM 2 ENTRY,,
LIVE,759.7873333333333,7.7569999999998345,HOME POSSESSION,24,,,,,"P-M3, P-F3",,,,,,
LIVE,766.7113333333333,11.499000000000024,HOME POSSESSION,25,Cross Unsuccessful,,,,"P-M3, P-F3",,,,,,
LIVE,778.6593333333332,26.550000000000182,HOME POSSESSION,26,,,,,"P-M3, P-F3",,,,,,
LIVE,827.3093333333333,25.200000000000045,HOME POSSESSION,27,,,,,"P-D3, P-D3, P-M3",,,,SEAM 2 ENTRY,,
LIVE,860.5093333333333,40.29399999999987,HOME POSSESSION,28,,,,,"P-D3, P-M3",,,,,,
LIVE,905.2553333333332,21.05600000000004,HOME POSSESSION,29,,,,,"P-M3, P-F3",,,,,,
LIVE,924.1323333333333,10.792999999999893,HOME POSSESSION,30,,,,,P-M3,,,,,,
LIVE,1026.3543333333332,15.156999999999698,HOME POSSESSION,31,,,,,P-M3,,,,,,
LIVE,1060.304333333333,24.907000000000153,HOME POSSESSION,32,,,,,"P-D3, P-F3",,,,,,
LIVE,1084.7693333333332,11.740999999999985,HOME POSSESSION,33,,,,,P-F3,,,,,,
LIVE,1113.208333333333,6.554000000000087,HOME POSSESSION,34,,,,,"P-M3, P-F3, P-F3",,,,,,
LIVE,1122.422333333333,8.189000000000306,HOME POSSESSION,35,,,,,P-F3,,"ON TARGET, SHOT",ATTACKING TRANSITION,,,
LIVE,1139.6063333333332,27.572999999999865,HOME POSSESSION,36,,,,,P-M3,,,,SEAM 2 ENTRY,,
LIVE,1168.3413333333333,15.065000000000055,HOME POSSESSION,37,,,,,P-M3,,,ATTACKING TRANSITION,,,
LIVE,1183.8253333333332,18.983999999999924,HOME POSSESSION,38,,,,PEN AREA ENTRY,"P-M3, P-F3",,,,"SEAM 2 ENTRY, SEAM THREE ENTRY",,
LIVE,1307.4213333333332,11.223999999999705,HOME POSSESSION,39,,,,,P-M3,,,ATTACKING TRANSITION,SEAM 2 ENTRY,,
LIVE,1325.4193333333333,32.30199999999968,HOME POSSESSION,40,,,,,"P-M3, P-D3",,,,,,
LIVE,1356.936333333333,17.17300000000023,HOME POSSESSION,41,Cross Successful,,,,"P-M3, P-F3",,SHOT,,SEAM 2 ENTRY,,
LIVE,1406.480333333333,16.027000000000044,HOME POSSESSION,42,,,,,"P-D3, P-M3",,,ATTACKING TRANSITION,SEAM 2 ENTRY,,
LIVE,1441.181333333333,14.63000000000011,HOME POSSESSION,43,,,,"PEN AREA ENTRY, PEN AREA ENTRY","P-M3, P-M3, P-F3, P-D3",,SHOT,,"SEAM 2 ENTRY, SEAM THREE ENTRY",,
LIVE,1479.811333333333,14.894999999999982,HOME POSSESSION,44,,,,,"P-M3, P-D3",,,,,,
LIVE,1509.491333333333,34.91500000000042,HOME POSSESSION,45,,,,PEN AREA ENTRY,P-M3,,"SHOT, SHOT",,SEAM 2 ENTRY,,
LIVE,1571.3093333333331,34.096000000000004,HOME POSSESSION,46,Cross Unsuccessful,LBFB - WIN,,,"P-M3, P-F3",,,,SEAM 2 ENTRY,,
LIVE,1684.909333333333,52.60199999999986,HOME POSSESSION,47,,,,PEN AREA ENTRY,"P-M3, P-F3, P-F3, P-M3",,,,"SEAM 2 ENTRY, SEAM THREE ENTRY",,
LIVE,1756.844333333333,9.41000000000031,HOME POSSESSION,48,,,,,P-F3,,,,,,
LIVE,1786.373333333333,25.333000000000084,HOME POSSESSION,49,,,,PEN AREA ENTRY,P-M3,,"ON TARGET, SHOT",ATTACKING TRANSITION,SEAM 2 ENTRY,,
LIVE,1811.2093333333332,11.429000000000087,HOME POSSESSION,50,Cross Successful,,,,"P-M3, P-F3",,,,SEAM 2 ENTRY,,
LIVE,1835.9083333333333,6.996999999999844,HOME POSSESSION,51,,LBFB - WIN,,,P-D3,,,,,,
LIVE,1848.8143333333333,43.87599999999975,HOME POSSESSION,52,,,,PEN AREA ENTRY,"P-D3, P-M3, P-F3",,"ON TARGET, SHOT",,"SEAM 2 ENTRY, SEAM THREE ENTRY",,
LIVE,1889.690333333333,9.288000000000011,HOME POSSESSION,53,Cross Successful,,,,P-F3,,,,,,
LIVE,1899.1063333333332,27.733000000000175,HOME POSSESSION,54,Cross Successful,,,,"P-M3, P-F3",,,,SEAM 2 ENTRY,,
LIVE,1924.581333333333,5.5300000000002,HOME POSSESSION,55,,,,,P-F3,,SHOT,,,,
LIVE,1962.7903333333334,13.52099999999973,HOME POSSESSION,56,,,,,"P-M3, P-M3",,,,SEAM 2 ENTRY,,
LIVE,1993.3293333333331,23.480000000000018,HOME POSSESSION,57,,,,,"P-M3, P-F3",,,,SEAM THREE ENTRY,,
LIVE,2090.448937681829,21.06239565150372,HOME POSSESSION,58,Cross Successful,,,,P-F3,,SHOT,,,,
LIVE,2172.938333333333,32.66899999999987,HOME POSSESSION,59,,,,,"P-M3, P-D3",,,,,,
LIVE,2216.903333333333,28.269999999999982,HOME POSSESSION,60,,,,,P-M3,,,,,,
LIVE,2249.949333333333,13.28500000000031,HOME POSSESSION,61,,,,,P-M3,,,,,,
LIVE,2272.229333333333,17.976000000000113,HOME POSSESSION,62,Cross Successful,,,PEN AREA ENTRY,"P-M3, P-F3",,"GOAL, ON TARGET, SHOT",,SEAM 2 ENTRY,,
LIVE,2335.904333333333,19.200000000000273,HOME POSSESSION,63,Cross Unsuccessful,,,,P-D3,,,,SEAM 2 ENTRY,,
LIVE,2362.934333333333,4.887000000000171,HOME POSSESSION,64,,,,,"P-M3, P-M3",,,,,,
LIVE,2369.099333333333,6.066000000000258,HOME POSSESSION,65,,,,,P-M3,,,,,,
LIVE,2377.108333333333,30.12313996631974,HOME POSSESSION,66,,,,PEN AREA ENTRY,"P-M3, P-F3",,"ON TARGET, SHOT",,"SEAM 2 ENTRY, SEAM THREE ENTRY",,
LIVE,2399.9083333333333,5.971999999999753,HOME POSSESSION,67,,,,PEN AREA ENTRY,P-F3,,,,,,
LIVE,2407.4173333333333,11.989000000000033,HOME POSSESSION,68,Cross Unsuccessful,,,PEN AREA ENTRY,P-F3,,,,,,
LIVE,2417.124333333333,4.121999999999844,HOME POSSESSION,69,,,,,P-F3,,SHOT,,,,
LIVE,2422.527333333333,35.503000000000156,HOME POSSESSION,70,Cross Unsuccessful,,,,"P-M3, P-F3",,,,SEAM 2 ENTRY,,
LIVE,2482.4303333333332,35.17699999999968,HOME POSSESSION,71,,,,,"P-D3, P-M3, P-F3",,,,SEAM 2 ENTRY,,
LIVE,2688.509333333333,9.401000000000295,HOME POSSESSION,72,,,,,P-D3,,,,,,
LIVE,2708.7473333333332,25.460000000000036,HOME POSSESSION,73,,,,,P-M3,,,,SEAM 2 ENTRY,,
LIVE,2764.9753333333333,9.832999999999629,HOME POSSESSION,74,,,,PEN AREA ENTRY,P-F3,,SHOT,,,,
LIVE,2803.107333333333,38.68100000000004,HOME POSSESSION,75,,,,,"P-M3, P-F3, P-M3",,,ATTACKING TRANSITION,SEAM 2 ENTRY,,
LIVE,2867.1403333333333,29.167999999999665,HOME POSSESSION,76,"Cross Unsuccessful, Cross Unsuccessful",,,PEN AREA ENTRY,P-M3,,,,SEAM 2 ENTRY,,
LIVE,2908.710333333333,23.100000000000364,HOME POSSESSION,77,Cross Unsuccessful,,,,"P-M3, P-F3",,,,SEAM THREE ENTRY,,
LIVE,3119.707333333333,5.104000000000269,HOME POSSESSION,78,,,,,,,,,,,
LIVE,3134.6113333333333,17.795000000000073,HOME POSSESSION,79,,,,,P-M3,,,,,,
LIVE,3153.307333333333,16.100000000000364,HOME POSSESSION,80,,,,,"P-M3, P-F3",,"ON TARGET, SHOT",,SEAM 2 ENTRY,,
LIVE,3173.6113333333333,22.088999999999942,HOME POSSESSION,81,,,,,"P-M3, P-F3",,,,SEAM 2 ENTRY,,
LIVE,3206.2063333333335,30.60199999999986,HOME POSSESSION,82,Cross Unsuccessful,,,PEN AREA ENTRY,"P-M3, P-F3",,,,SEAM 2 ENTRY,,
LIVE,3292.462333333333,10.743000000000393,HOME POSSESSION,83,Cross Unsuccessful,,,,P-F3,,,,,,
LIVE,3309.6113333333333,26.295000000000073,HOME POSSESSION,84,,,,PEN AREA ENTRY,P-M3,,,ATTACKING TRANSITION,SEAM 2 ENTRY,,
LIVE,3333.6073333333334,6.587999999999738,HOME POSSESSION,85,,,,,P-M3,,,,,,
LIVE,3415.601333333333,23.20600000000013,HOME POSSESSION,86,Cross Unsuccessful,,,,"P-M3, P-F3",,,,,,
LIVE,3437.6083333333336,31.90099999999984,HOME POSSESSION,87,Cross Successful,,,PEN AREA ENTRY,P-F3,,"ON TARGET, SHOT",,SEAM 2 ENTRY,,
LIVE,3590.703333333333,12.649000000000342,HOME POSSESSION,88,,,,,P-M3,,,,,,
LIVE,3619.154333333333,38.95600000000013,HOME POSSESSION,89,,,,,P-M3,,,,SEAM 2 ENTRY,,
LIVE,3666.003333333333,15.61999999999989,HOME POSSESSION,90,,,,,P-M3,,,,,,
LIVE,3684.306333333333,32.70100000000002,HOME POSSESSION,91,Cross Unsuccessful,,,,"P-D3, P-F3",,,,SEAM 2 ENTRY,,
LIVE,3779.2513333333327,7.354000000000269,HOME POSSESSION,92,,,,,P-M3,LBSB - WIN,,,,,
LIVE,3791.1173333333336,19.29199999999946,HOME POSSESSION,93,Cross Successful,,,PEN AREA ENTRY,"P-M3, P-F3",,"ON TARGET, SHOT",,SEAM 2 ENTRY,,
LIVE,3862.9063333333334,5.498999999999796,HOME POSSESSION,94,,,,,P-D3,,,,,,
LIVE,3876.306333333333,6.689000000000306,HOME POSSESSION,95,,,,,P-D3,,,,,,
LIVE,3884.1883333333335,21.13499999999931,HOME POSSESSION,96,,,,,"P-D3, P-M3",,,,,,
LIVE,3908.7103333333334,40.39899999999943,HOME POSSESSION,97,,,,,"P-D3, P-F3",,,,,,
LIVE,3975.5983333333334,6.182999999999993,HOME POSSESSION,98,,,,,P-M3,LBSB - LOSS,,,,,
LIVE,3978.806371057535,24.022962275798818,HOME POSSESSION,99,,,,,"P-M3, P-F3",,SHOT,,,,
LIVE,4034.450333333333,6.511999999999716,HOME POSSESSION,100,,,,,P-M3,,,,,,
LIVE,4043.7283333333335,5.476999999999862,HOME POSSESSION,101,,,,,P-M3,,,,,,
LIVE,4055.408333333333,6.899000000000342,HOME POSSESSION,102,,,,,P-D3,,,,,,
LIVE,4097.106333333333,22.10199999999986,HOME POSSESSION,103,,,,,P-D3,,SHOT,,SEAM 2 ENTRY,,
LIVE,4181.922333333333,39.788000000000466,HOME POSSESSION,104,,,,PEN AREA ENTRY,"P-M3, P-F3",,,,,,
LIVE,4254.843333333333,6.448999999999614,HOME POSSESSION,105,,,,,P-M3,,,,,,
LIVE,4261.408333333333,36.097999999999956,HOME POSSESSION,106,Cross Unsuccessful,,,PEN AREA ENTRY,"P-M3, P-F3",,,,SEAM THREE ENTRY,,
LIVE,4351.060333333333,15.34900000000016,HOME POSSESSION,107,,,,,"P-M3, P-F3",,"ON TARGET, SHOT",,SEAM 2 ENTRY,,
LIVE,4371.650333333333,9.359999999999673,HOME POSSESSION,108,,,,,"P-F3, P-F3",,,,,,
LIVE,4412.1213333333335,21.988999999999578,HOME POSSESSION,109,Cross Successful,,,PEN AREA ENTRY,"P-M3, P-F3, P-F3",,"GOAL, ON TARGET, SHOT",,"SEAM 2 ENTRY, SEAM 2 ENTRY",,
LIVE,4466.722333333333,12.48700000000008,HOME POSSESSION,110,,,,,P-M3,,,,,,
LIVE,4477.408333333333,17.40099999999984,HOME POSSESSION,111,Cross Unsuccessful,,,,"P-M3, P-F3",,,,SEAM 2 ENTRY,,
LIVE,4515.342333333333,12.496000000000095,HOME POSSESSION,112,,,,,"P-M3, P-F3",,,,,,
LIVE,4527.673333333333,34.70799999999963,HOME POSSESSION,113,,,,,P-M3,,,,SEAM 2 ENTRY,,
LIVE,4572.409333333333,40.697000000000116,HOME POSSESSION,114,,,,,"P-D3, P-F3",,,,SEAM 2 ENTRY,,
LIVE,4610.861333333333,25.073999999999614,HOME POSSESSION,115,Cross Unsuccessful,,,,"P-M3, P-F3",,,,,,
LIVE,4664.129333333333,32.04899999999998,HOME POSSESSION,116,,,,PEN AREA ENTRY,"P-M3, P-F3",,,,"SEAM 2 ENTRY, SEAM THREE ENTRY",,
LIVE,4697.009333333333,11.099999999999454,HOME POSSESSION,117,,,,PEN AREA ENTRY,P-M3,,,,SEAM 2 ENTRY,,
LIVE,4770.106333333333,57.69999999999982,HOME POSSESSION,118,Cross Successful,,,PEN AREA ENTRY,P-F3,,SHOT,,SEAM 2 ENTRY,,
LIVE,4855.7463333333335,17.157999999999447,HOME POSSESSION,119,Cross Unsuccessful,,,,"P-M3, P-F3",,,,SEAM 2 ENTRY,,
LIVE,5075.409333333333,6.489999999999782,HOME POSSESSION,120,,,,,P-D3,,,,,,
LIVE,5086.507333333333,29.90099999999984,HOME POSSESSION,121,,,,,"P-D3, P-F3",,,,SEAM THREE ENTRY,,
LIVE,5142.606333333333,3.90099999999984,HOME POSSESSION,122,,,,,P-M3,,,,,,
LIVE,5145.711333333333,4.800000000000182,HOME POSSESSION,123,,,,,P-M3,,,,,,
LIVE,5150.2373333333335,7.670999999999367,HOME POSSESSION,124,,,,,P-M3,,,,,,
LIVE,5173.311333333333,6.695999999999913,HOME POSSESSION,125,,,,,P-M3,,,,,,
LIVE,5181.609333333333,14.79700000000048,HOME POSSESSION,126,,,,,P-D3,,,,,,
LIVE,5194.131333333333,20.775000000000546,HOME POSSESSION,127,Cross Successful,,,"PEN AREA ENTRY, PEN AREA ENTRY","P-M3, P-F3",,SHOT,,SEAM 2 ENTRY,,
LIVE,5248.011333333333,8.19800000000032,HOME POSSESSION,128,,,,,P-M3,,,,,,
LIVE,5256.209333333333,23.501999999999498,HOME POSSESSION,129,,,,,P-M3,,,,,,
LIVE,5299.405333333333,24.248999999999796,HOME POSSESSION,130,,,,,P-M3,,,,SEAM 2 ENTRY,,
LIVE,5323.609333333333,18.574000000000524,HOME POSSESSION,131,,,,PEN AREA ENTRY,"P-M3, P-F3",,,,,,
LIVE,5340.810333333333,15.295000000000073,HOME POSSESSION,132,,,,,P-M3,,,,,,
LIVE,5409.2063333333335,10.304999999999382,HOME POSSESSION,133,,,,,"P-M3, P-F3",,,,SEAM 2 ENTRY,,
LIVE,5439.100333333333,15.409999999999854,HOME POSSESSION,134,,,,,P-M3,,,,,,
LIVE,5483.809333333333,20.40100000000075,HOME POSSESSION,135,,,,,P-M3,,,,SEAM 2 ENTRY,,
LIVE,46.86033333333319,4.0,Start,1,,,,,,,,,,,
LIVE,2684.0603333333333,4.0,Start,2,,,,,,,,,,,
LIVE,77.79133333333323,6.6189999999999145,AWAY POSSESSION,1,,,,,P-M3,,,,,,
LIVE,105.85733333333326,5.842000000000098,AWAY POSSESSION,2,,,,,P-D3,,,,,,
LIVE,109.33133333333319,4.679000000000087,AWAY POSSESSION,3,,,,,,,,,,,
LIVE,129.8113333333332,16.735000000000127,AWAY POSSESSION,4,,LBFB - WIN,,,P-M3,LBSB - LOSS,,,,,
LIVE,158.80533333333335,13.221000000000004,AWAY POSSESSION,5,,,,,P-D3,,,,,,
LIVE,227.00733333333335,10.652999999999793,AWAY POSSESSION,6,,,,,P-M3,,,,,,
LIVE,259.70933333333335,18.548999999999978,AWAY POSSESSION,7,,,,,P-D3,,,,,,
LIVE,315.70933333333335,21.37406947112305,AWAY POSSESSION,8,,,,,P-D3,,,,,,
LIVE,372.2253333333332,8.120000000000118,AWAY POSSESSION,9,,,,,P-M3,,,,,,
LIVE,408.60733333333326,6.2029999999999745,AWAY POSSESSION,10,,,,,P-D3,,,,,,
LIVE,413.0093333333333,15.019000000000005,AWAY POSSESSION,11,,,,,P-D3,,,,,,
LIVE,434.8083333333333,13.982999999999947,AWAY POSSESSION,12,,,,,P-D3,,,,,,
LIVE,491.3073333333333,19.999000000000024,AWAY POSSESSION,13,,LBFB - LOSS,,,P-D3,LBSB - WIN,,,,,
LIVE,533.8023333333332,7.303000000000111,AWAY POSSESSION,14,,,,,P-D3,,,,,,
LIVE,554.3483333333332,6.163000000000011,AWAY POSSESSION,15,,,,,P-M3,,,,,,
LIVE,617.7073333333332,11.65300000000002,AWAY POSSESSION,16,,LBFB - WIN,,,P-D3,LBSB - WIN,,,,,
LIVE,656.8183333333333,8.886999999999944,AWAY POSSESSION,17,,,,,P-D3,,,,,,
LIVE,701.5103333333333,10.163000000000011,AWAY POSSESSION,18,,,,,P-D3,,,,,,
LIVE,712.4083333333332,6.302000000000135,AWAY POSSESSION,19,,,,,P-D3,,,,,,
LIVE,756.7433333333332,6.044000000000096,AWAY POSSESSION,20,,,,,P-D3,,,,,,
LIVE,764.5443333333332,5.167000000000144,AWAY POSSESSION,21,,,,,P-D3,,,,,,
LIVE,775.2103333333333,6.448999999999842,AWAY POSSESSION,22,,,,,P-D3,,,,,,
LIVE,815.3103333333332,14.999000000000024,AWAY POSSESSION,23,,,,,P-D3,,,,,,
LIVE,849.5093333333333,14.0,AWAY POSSESSION,24,,,,,P-M3,,,,,,
LIVE,897.8033333333332,5.106999999999971,AWAY POSSESSION,25,,,,,P-M3,,,,,,
LIVE,945.2113333333333,8.797000000000025,AWAY POSSESSION,26,,,,,P-M3,,,,,,
LIVE,960.2103333333333,10.298999999999978,AWAY POSSESSION,27,,,,,P-M3,,,,,,
LIVE,1051.081333333333,12.222999999999956,AWAY POSSESSION,28,,,,,P-M3,,,,,,
LIVE,1051.831333333333,2.25,AWAY POSSESSION,29,,,,,"P-M3, P-M3",,,,,,
LIVE,1107.9103333333333,8.297999999999774,AWAY POSSESSION,30,,,,,P-D3,,,,,,
LIVE,1116.7623333333331,8.659999999999854,AWAY POSSESSION,31,,,,,P-D3,,,ATTACKING TRANSITION,,,
LIVE,1131.3103333333333,11.295999999999822,AWAY POSSESSION,32,,LBFB - WIN,,,P-D3,LBSB - WIN,,,,,
LIVE,1164.179333333333,7.162000000000262,AWAY POSSESSION,33,,,,,P-M3,,,,,,
LIVE,1180.4063333333334,6.418999999999869,AWAY POSSESSION,34,,,,,P-D3,,,ATTACKING TRANSITION,,,
LIVE,1298.9103333333333,11.510999999999967,AWAY POSSESSION,35,,,,,P-M3,,,,,,
LIVE,1315.645333333333,12.774000000000342,AWAY POSSESSION,36,,,,,P-M3,,,ATTACKING TRANSITION,,,
LIVE,1354.721333333333,5.2150000000001455,AWAY POSSESSION,37,,,,,"P-M3, P-M3",,,,,,
LIVE,1386.2093333333332,23.27099999999973,AWAY POSSESSION,38,,LBFB - LOSS,,,"P-D3, P-M3",LBSB - LOSS,,,,,
LIVE,1434.009333333333,10.172000000000025,AWAY POSSESSION,39,,,,,P-D3,,,,,,
LIVE,1465.009333333333,17.802000000000135,AWAY POSSESSION,40,,,,,P-D3,,,,,,
LIVE,1505.683333333333,6.807999999999993,AWAY POSSESSION,41,,,,,P-M3,,,,,,
LIVE,1559.728333333333,14.581000000000131,AWAY POSSESSION,42,,,,,P-D3,,,,,,
LIVE,1682.509333333333,5.400000000000091,AWAY POSSESSION,43,,,,,P-M3,,,,,,
LIVE,1763.2543333333335,49.006807300196215,AWAY POSSESSION,44,,,,,P-D3,,,ATTACKING TRANSITION,,,
LIVE,1808.706333333333,5.503000000000156,AWAY POSSESSION,45,,,,,P-D3,,,,,,
LIVE,1819.6383333333333,19.269999999999982,AWAY POSSESSION,46,,,,,"P-D3, P-M3",,,"ATTACKING TRANSITION, ATTACKING TRANSITION",,,
LIVE,1895.978333333333,6.128000000000156,AWAY POSSESSION,47,,,,,P-D3,,,,,,
LIVE,1923.8393333333333,3.7419999999997344,AWAY POSSESSION,48,,LBFB - WIN,,,P-D3,,,,,,
LIVE,1944.407333333333,21.383000000000266,AWAY POSSESSION,49,,"LBFB - LOSS, LBFB - WIN",,,P-D3,,,,,,
LIVE,1973.311333333333,20.298999999999978,AWAY POSSESSION,50,,,,,P-D3,,,,,,
LIVE,2084.139333333333,9.548999999999978,AWAY POSSESSION,51,,LBFB - WIN,,,P-D3,,,,,,
LIVE,2164.8103333333333,11.127999999999702,AWAY POSSESSION,52,,LBFB - LOSS,,,P-D3,LBSB - WIN,,,,,
LIVE,2202.607333333333,17.296000000000276,AWAY POSSESSION,53,,LBFB - LOSS,,,P-D3,,,,,,
LIVE,2242.173333333333,5.235000000000127,AWAY POSSESSION,54,,,,,,,,,,,
LIVE,2260.2343333333333,6.8729999999995925,AWAY POSSESSION,55,,,,,P-M3,,,,,,
LIVE,2324.295333333333,10.614000000000033,AWAY POSSESSION,56,,,,,P-M3,,,,,,
LIVE,2352.104333333333,13.829999999999927,AWAY POSSESSION,57,,LBFB - LOSS,,,P-D3,LBSB - WIN,,,,,
LIVE,2364.8213333333333,7.277999999999793,AWAY POSSESSION,58,,,,,P-M3,,,,,,
LIVE,2372.1653333333334,7.942999999999756,AWAY POSSESSION,59,,,,,P-M3,,,,,,
LIVE,2402.880333333333,7.537000000000262,AWAY POSSESSION,60,,,,,P-D3,,,,,,
LIVE,2416.4063333333334,3.717999999999847,AWAY POSSESSION,61,,,,,,,,,,,
LIVE,2418.246333333333,7.280999999999949,AWAY POSSESSION,62,,,,,,,,,,,
LIVE,2455.030333333333,30.40000000000009,AWAY POSSESSION,63,,,,,"P-D3, P-M3, P-F3",,,ATTACKING TRANSITION,,,
LIVE,2530.510333333333,21.86299999999983,AWAY POSSESSION,64,,LBFB - LOSS,,,P-D3,LBSB - LOSS,,,,,
LIVE,2565.2093333333332,6.219000000000051,AWAY POSSESSION,65,,,,,P-M3,,,,,,
LIVE,2683.0603333333333,8.448999999999614,AWAY POSSESSION,66,,,,,P-M3,,,,,,
LIVE,2703.1093333333333,8.63799999999992,AWAY POSSESSION,67,,,,,P-M3,,,,,,
LIVE,2747.806333333333,20.169000000000324,AWAY POSSESSION,68,,LBFB - WIN,,,P-D3,,,,,,
LIVE,2784.9083333333333,21.198999999999614,AWAY POSSESSION,69,,LBFB - WIN,,,P-D3,,,,,,
LIVE,2838.788333333333,14.321000000000367,AWAY POSSESSION,70,,,,,"P-D3, P-M3",,,,,,
LIVE,2865.250333333333,4.890000000000327,AWAY POSSESSION,71,,,,,P-M3,,,,,,
LIVE,2893.308333333333,18.402000000000044,AWAY POSSESSION,72,,LBFB - WIN,,,P-D3,LBSB - WIN,,,,,
LIVE,2929.9083333333333,8.559999999999945,AWAY POSSESSION,73,,,,,P-D3,,,,,,
LIVE,3112.1433333333334,10.563999999999396,AWAY POSSESSION,74,,LBFB - WIN,,,P-D3,LBSB - LOSS,,,,,
LIVE,3121.811333333333,6.095000000000255,AWAY POSSESSION,75,,,,,P-M3,,,,,,
LIVE,3166.4073333333336,10.203999999999724,AWAY POSSESSION,76,,LBFB - WIN,,,"P-D3, P-D3",,,,,,
LIVE,3192.700333333333,11.108000000000175,AWAY POSSESSION,77,,,,,"P-D3, P-D3",,,,,,
LIVE,3274.605333333333,20.85699999999997,AWAY POSSESSION,78,,LBFB - WIN,,,P-D3,,,,,,
LIVE,3300.2053333333333,12.405999999999949,AWAY POSSESSION,79,,LBFB - WIN,,,P-D3,,,ATTACKING TRANSITION,,,
LIVE,3337.195333333333,5.314000000000306,AWAY POSSESSION,80,,,,,P-M3,,,,,,
LIVE,3406.110333333333,12.490999999999985,AWAY POSSESSION,81,,LBFB - WIN,,,P-D3,LBSB - WIN,,,,,
LIVE,3585.2683333333334,8.43499999999949,AWAY POSSESSION,82,,LBFB - LOSS,,,P-D3,LBSB - WIN,,,,,
LIVE,3600.3523333333333,16.35699999999997,AWAY POSSESSION,83,,,,,"P-M3, P-F3",,,ATTACKING TRANSITION,,,
LIVE,3655.110333333333,13.893000000000029,AWAY POSSESSION,84,,,,,P-M3,,,ATTACKING TRANSITION,,,
LIVE,3678.623333333333,8.682999999999993,AWAY POSSESSION,85,,,,,P-M3,,,ATTACKING TRANSITION,,,
LIVE,3776.722333333333,5.528999999999542,AWAY POSSESSION,86,,LBFB - WIN,,,,,,,,,
LIVE,3783.605333333333,10.512000000000626,AWAY POSSESSION,87,,,,,P-D3,,,,,,
LIVE,3807.409333333333,15.5,AWAY POSSESSION,88,,LBFB - WIN,,,P-D3,,,,,,
LIVE,3832.110333333333,18.399000000000342,AWAY POSSESSION,89,,,,,P-M3,,,,,,
LIVE,3856.6073333333334,9.298999999999978,AWAY POSSESSION,90,,,,,P-F3,,,,,,
LIVE,3902.323333333333,9.387000000000626,AWAY POSSESSION,91,,,,,P-M3,,,ATTACKING TRANSITION,,,
LIVE,3971.7113333333327,6.887000000000626,AWAY POSSESSION,92,,LBFB - WIN,,,P-D3,,,,,,
LIVE,3978.7813333333334,5.22400000000016,AWAY POSSESSION,93,,,,,P-M3,,,,,,
LIVE,4026.575333333333,10.875,AWAY POSSESSION,94,,LBFB - WIN,,,P-D3,LBSB - WIN,,,,,
LIVE,4037.962333333333,8.766000000000531,AWAY POSSESSION,95,,,,,P-M3,,,,,,
LIVE,4046.2053333333333,12.20299999999952,AWAY POSSESSION,96,,LBFB - WIN,,,P-M3,LBSB - LOSS,,,,,
LIVE,4079.3093333333327,12.899000000000342,AWAY POSSESSION,97,Cross Unsuccessful,,,,P-F3,,,,,,
LIVE,4176.144333333333,8.778000000000247,AWAY POSSESSION,98,,LBFB - WIN,,,P-D3,LBSB - WIN,,,,,
LIVE,4240.204333333333,17.639000000000124,AWAY POSSESSION,99,,LBFB - LOSS,,,P-D3,LBSB - LOSS,,,,,
LIVE,4258.292333333333,6.1159999999999854,AWAY POSSESSION,100,,,,,P-D3,,,,,,
LIVE,4336.707333333333,17.353000000000065,AWAY POSSESSION,101,,LBFB - WIN,,,P-D3,LBSB - WIN,,,,,
LIVE,4363.409333333333,7.497000000000298,AWAY POSSESSION,102,,,,,P-D3,,,,,,
LIVE,4456.4293333333335,13.292999999999665,AWAY POSSESSION,103,,,,,P-M3,,,,,,
LIVE,4502.511333333333,15.831000000000131,AWAY POSSESSION,104,,LBFB - WIN,,,P-D3,,,,,,
LIVE,4524.838333333333,5.835000000000036,AWAY POSSESSION,105,,,,,"P-D3, P-D3",,,,,,
LIVE,4566.829333333333,8.579999999999927,AWAY POSSESSION,106,,,,,P-D3,,,,,,
LIVE,4632.935333333333,14.668000000000575,AWAY POSSESSION,107,,,,,P-D3,,,ATTACKING TRANSITION,,,
LIVE,4693.178333333333,6.831000000000131,AWAY POSSESSION,108,,,,,P-D3,,,,,,
LIVE,4850.609333333333,8.137000000000626,AWAY POSSESSION,109,,LBFB - WIN,,,P-D3,,,,,,
LIVE,5049.809333333333,19.298000000000684,AWAY POSSESSION,110,,LBFB - WIN,,,"P-D3, P-M3",LBSB - LOSS,,,,,
LIVE,5071.189333333333,7.220000000000255,AWAY POSSESSION,111,,,,,P-M3,,,,,,
LIVE,5078.899333333333,8.110999999999876,AWAY POSSESSION,112,,,,,P-M3,,,,,,
LIVE,5127.509333333333,18.096999999999753,AWAY POSSESSION,113,,LBFB - WIN,,,"P-D3, P-D3",LBSB - LOSS,,,,,
LIVE,5143.507333333333,5.2039999999997235,AWAY POSSESSION,114,,,,,P-M3,,,,,,
LIVE,5147.511333333333,5.097999999999956,AWAY POSSESSION,115,,,,,P-D3,,,,,,
LIVE,5161.208333333333,15.103000000000065,AWAY POSSESSION,116,,LBFB - LOSS,,,P-M3,LBSB - WIN,,,,,
LIVE,5177.007333333333,4.703000000000429,AWAY POSSESSION,117,,,,,,,,,,,
LIVE,5225.906333333333,25.104999999999563,AWAY POSSESSION,118,,LBFB - WIN,,,P-D3,LBSB - WIN,,,,,
LIVE,5253.209333333333,6.0,AWAY POSSESSION,119,,,,,P-M3,,,ATTACKING TRANSITION,,,
LIVE,5320.654333333333,5.954999999999927,AWAY POSSESSION,120,,,,,"P-D3, P-D3",,,,,,
LIVE,5339.183333333333,4.626999999999498,AWAY POSSESSION,121,,,,,P-D3,,,,,,
LIVE,5416.511333333333,8.693000000000211,AWAY POSSESSION,122,,,,,P-D3,,,ATTACKING TRANSITION,,,
LIVE,5436.607333333333,5.492999999999483,AWAY POSSESSION,123,,LBFB - WIN,,,P-D3,LBSB - WIN,,,,,
LIVE,5474.2063333333335,7.300999999999476,AWAY POSSESSION,124,,,,,P-D3,,,,,,
LIVE,5501.210333333333,9.0,AWAY POSSESSION,125,,,,,P-D3,,,,,,
LIVE,320.8439256373938,15.266407695939392,GOALS,1,,LBFB - WIN,,PEN AREA ENTRY,,,"ON TARGET, SHOT, GOAL, ON TARGET, SHOT",,,,
LIVE,1218.302333333333,36.20899999999983,GOALS,2,Cross Successful,,,,,,"GOAL, ON TARGET, SHOT",,,,
LIVE,1634.9813333333332,11.028999999999996,GOALS,3,,,,,,,"GOAL, ON TARGET, SHOT",,,,
LIVE,2272.229333333333,17.976000000000113,GOALS,4,Cross Successful,,,PEN AREA ENTRY,"P-M3, P-F3",,"GOAL, ON TARGET, SHOT",,SEAM 2 ENTRY,,
LIVE,4412.1213333333335,21.988999999999578,GOALS,5,Cross Successful,,,PEN AREA ENTRY,"P-M3, P-F3, P-F3",,"GOAL, ON TARGET, SHOT",,SEAM 2 ENTRY,,
LIVE,1015.2093333333333,14.144999999999868,AWAY SET PIECE,1,,,,,,,,,,,
LIVE,1218.302333333333,36.20899999999983,HOME SET PIECE,1,Cross Successful,,,,,,"GOAL, ON TARGET, SHOT",,,,
LIVE,1634.9813333333332,11.028999999999996,HOME SET PIECE,2,,,,,,,"GOAL, ON TARGET, SHOT",,,,
LIVE,2030.105333333333,24.601000000000113,HOME SET PIECE,3,,,,,,,,,,,
LIVE,2058.710333333333,14.796000000000276,HOME SET PIECE,4,Cross Successful,,,,,,SHOT,,,,
LIVE,2130.606333333333,17.40000000000009,HOME SET PIECE,5,,,,,,,SHOT,,,,
LIVE,2854.450333333333,13.059999999999945,HOME SET PIECE,6,,,,,P-F3,,,,,,
LIVE,3253.387333333333,21.123999999999796,HOME SET PIECE,7,,,,,,,"ON TARGET, SHOT",,,,
LIVE,3364.7053333333333,13.18499999999949,HOME SET PIECE,8,,,,,,,SHOT,,,,
LIVE,3732.4103333333333,18.29699999999957,HOME SET PIECE,9,,,,,,,SHOT,,,,
LIVE,3762.110333333333,18.59400000000005,HOME SET PIECE,10,Cross Unsuccessful,,,,,,,,,,
LIVE,4317.212333333333,13.296000000000276,HOME SET PIECE,11,,,,,,,SHOT,,,,
LIVE,4735.626333333333,28.98200000000088,HOME SET PIECE,12,,,,,,,SHOT,,,,
LIVE,4883.408333333333,28.80200000000059,HOME SET PIECE,13,,,,,,,,,,,
LIVE,5516.310333333333,26.0,HOME SET PIECE,14,,,,,,,,,,,
LIVE,2846.2743333333333,8.332999999999629,INJURY,1,,,,,,,,,,,
LIVE,2927.510333333333,9.998000000000047,INJURY,2,,,,,,,,,,,
LIVE,3366.637333333333,10.972999999999956,INJURY,3,,,,,,,,,,,
LIVE,5253.637333333333,15.471999999999753,INJURY,4,,,,,,,,,,,
LIVE,5332.556333333333,23.25,INJURY,5,,,,,,,,,,,