Timeline,Start time,Duration,Row,Instance number,BUILD UP PROGRESSION,OFFSIDE,POSSESSION,POSSESSION END,SEAM THREE,SEAM TWO,Ungrouped,Notes,Flags
FF VS SI copy,437.90833333333336,3.0,KICK OFF,1,,,,,,,,,
FF VS SI copy,3521.45,3.0,KICK OFF,2,,,,,,,,,
FF VS SI copy,436.40833333333336,17.09166666666664,AWAY POSSESSION,1,,,P-M3,,,,,,
FF VS SI copy,456.8,16.5,AWAY POSSESSION,2,,,P-M3,,,,,,
FF VS SI copy,496.9,6.0,AWAY POSSESSION,3,,,P-M3,,,,,,
FF VS SI copy,506.4671919798753,3.3999999999999773,AWAY POSSESSION,4,,,,,,,,,
FF VS SI copy,517.6671919798753,5.5,AWAY POSSESSION,5,,,P-D3,,,,,,
FF VS SI copy,602.6766666666666,10.600000000000023,AWAY POSSESSION,6,,,P-M3,,,,,,
FF VS SI copy,648.6274637514173,5.287536248582683,AWAY POSSESSION,7,,,P-D3,,,,,,
FF VS SI copy,663.915,6.600000000000023,AWAY POSSESSION,8,,,P-D3,,,,,,
FF VS SI copy,692.4456185416667,7.949381458333278,AWAY POSSESSION,9,,,P-D3,,,,,,
FF VS SI copy,722.995,25.085000000000036,AWAY POSSESSION,10,,,P-D3,,,,,,
FF VS SI copy,745.08,12.899999999999977,AWAY POSSESSION,11,,,P-M3,,,,,,
FF VS SI copy,771.8526325,8.553575625000008,AWAY POSSESSION,12,,,P-D3,,,,,,
FF VS SI copy,827.6868169798753,18.476601770124716,AWAY POSSESSION,13,,,P-D3,,,,,,
FF VS SI copy,910.1216666666667,17.5,AWAY POSSESSION,14,,,P-M3,,,,,,
FF VS SI copy,927.7216666666667,17.0,AWAY POSSESSION,15,,,,,,SEAM TWO ENTRY,,,
FF VS SI copy,982.0216666666666,3.0,AWAY POSSESSION,16,,,,,,,,,
FF VS SI copy,1005.0716666666667,17.699999999999932,AWAY POSSESSION,17,,,P-D3,,,,,,
FF VS SI copy,1045.569999920635,3.546666703514802,AWAY POSSESSION,18,,,P-D3,,,,,,
FF VS SI copy,1099.60333332483,17.301666608560026,AWAY POSSESSION,19,,,P-D3,,,,,,
FF VS SI copy,1136.0400579209183,9.239999958900171,AWAY POSSESSION,20,P-F3,,P-M3,,,,"Cross Unsuccessful, CROSSES",,
FF VS SI copy,1242.4188948979593,18.27107821003392,AWAY POSSESSION,21,,,P-D3,,,,,,
FF VS SI copy,1294.8883333333333,9.11999995606584,AWAY POSSESSION,22,,,P-D3,,,,,,
FF VS SI copy,1328.5805615617915,10.319999947562337,AWAY POSSESSION,23,,,P-D3,,,,,,
FF VS SI copy,1340.6483333290817,8.399999961734693,AWAY POSSESSION,24,,,P-D3,,,,,,
FF VS SI copy,1413.03,9.959999950396877,AWAY POSSESSION,25,,,P-M3,,,,,,
FF VS SI copy,1477.1683331349207,9.47999995748296,AWAY POSSESSION,26,,,P-D3,,,,,,
FF VS SI copy,1495.8883330102042,11.399999941893384,AWAY POSSESSION,27,,,P-D3,,,,,,
FF VS SI copy,1540.8816665150227,5.159999985827653,AWAY POSSESSION,28,,,P-D3,,,,,,
FF VS SI copy,1573.5486950368481,19.68630495606567,AWAY POSSESSION,29,,,P-D3,,,,,,
FF VS SI copy,1595.718333331916,12.335007621882141,AWAY POSSESSION,30,,,P-D3,,,,,,
FF VS SI copy,1617.735,9.285126371882143,AWAY POSSESSION,31,,,P-M3,,,,,,
FF VS SI copy,1647.90012634212,5.879999994331229,AWAY POSSESSION,32,,,P-M3,,,,,,
FF VS SI copy,1658.7001263279478,3.0,AWAY POSSESSION,33,,,P-M3,,,,,,
FF VS SI copy,1678.6199999900794,6.839999994331038,AWAY POSSESSION,34,,,P-D3,,,,,,
FF VS SI copy,1698.351509951814,5.63999999716566,AWAY POSSESSION,35,,,P-D3,,,,,,
FF VS SI copy,1721.175,7.2616666670000996,AWAY POSSESSION,36,,,P-D3,,,,,,
FF VS SI copy,1729.1566666638323,6.47999999433091,AWAY POSSESSION,37,P-F3,,P-M3,,,,,,
FF VS SI copy,1766.25,25.816666655328845,AWAY POSSESSION,38,,,P-D3,,,,,,
FF VS SI copy,1835.9016666666666,12.339756746031753,AWAY POSSESSION,39,,,P-D3,,,,,,
FF VS SI copy,1845.2414234126984,9.839999991496597,AWAY POSSESSION,40,,,P-M3,,,,,,
FF VS SI copy,1876.8783333234128,11.399999987244883,AWAY POSSESSION,41,,,P-M3,,,,,,
FF VS SI copy,1889.3583333049887,6.35999999716546,AWAY POSSESSION,42,,,P-M3,,,,,,
FF VS SI copy,1906.75833328373,7.559999994331065,AWAY POSSESSION,43,,,"P-M3, P-M3",,,,,,
FF VS SI copy,1988.6170560388323,15.136039913548757,AWAY POSSESSION,44,,,P-D3,,,,,,
FF VS SI copy,2001.7130959509636,6.359999995748467,AWAY POSSESSION,45,,,P-M3,,,,,,
FF VS SI copy,2050.1930958659295,6.359999981576038,AWAY POSSESSION,46,,,P-D3,,,,,,
FF VS SI copy,2065.1930957851473,6.959999978741507,AWAY POSSESSION,47,,,P-D3,,,,,,
FF VS SI copy,2082.2883265334467,21.86365187499996,AWAY POSSESSION,48,,,P-D3,,,,,,
FF VS SI copy,2184.481666655329,12.71999994897942,AWAY POSSESSION,49,,,P-D3,,,SEAM TWO ENTRY,,,
FF VS SI copy,2201.6416665632087,10.319999961734538,AWAY POSSESSION,50,,,P-M3,,,,,,
FF VS SI copy,2240.881666353458,20.063333646542105,AWAY POSSESSION,51,,,P-D3,,,,,,
FF VS SI copy,2268.719999998583,10.684891584467096,AWAY POSSESSION,52,,,P-M3,,,,,,
FF VS SI copy,2304.0048914356576,7.559999975906976,AWAY POSSESSION,53,,,P-M3,,,,,,
FF VS SI copy,2346.2349999985827,4.923055365646178,AWAY POSSESSION,54,,,P-D3,,,,,,
FF VS SI copy,2374.4849999985827,25.781666624149693,AWAY POSSESSION,55,,,P-D3,,,,,,
FF VS SI copy,2457.709999951814,9.941872125850296,AWAY POSSESSION,56,,,P-D3,,,,,,
FF VS SI copy,2489.7318719430273,21.696461333616753,AWAY POSSESSION,57,,,P-D3,,,SEAM TWO ENTRY,,,
FF VS SI copy,2554.203333312075,13.888333323412553,AWAY POSSESSION,58,,,P-D3,,,,,,
FF VS SI copy,2614.411666370465,27.359999869614512,AWAY POSSESSION,59,,,P-D3,,,,,,
FF VS SI copy,2684.7366666666667,8.926117149943366,AWAY POSSESSION,60,,,P-D3,,,,,,
FF VS SI copy,2716.3427836805554,9.959999961734866,AWAY POSSESSION,61,,,P-D3,,,,,,
FF VS SI copy,2750.2499999659863,15.887233846372055,AWAY POSSESSION,62,,,P-M3,,,,,,
FF VS SI copy,2768.7772337825963,3.0,AWAY POSSESSION,63,,,P-M3,,,,,,
FF VS SI copy,2791.4572336607143,10.799999958900116,AWAY POSSESSION,64,,,P-M3,,,,,,
FF VS SI copy,2812.9372335459184,21.119999903628013,AWAY POSSESSION,65,,,"P-D3, P-D3",,,,,,
FF VS SI copy,2857.064999963152,3.0,AWAY POSSESSION,66,,,,,,,,,
FF VS SI copy,2871.9449998837867,5.8799999844104605,AWAY POSSESSION,67,,,P-M3,,,,,,
FF VS SI copy,2878.9049998469386,10.319999960317546,AWAY POSSESSION,68,P-F3,,P-M3,,,,,,
FF VS SI copy,2897.104917451814,11.01674918934259,AWAY POSSESSION,69,,,P-M3,,,,,,
FF VS SI copy,2978.1833333333334,10.319999961734538,AWAY POSSESSION,70,,,P-D3,,,,,,
FF VS SI copy,2996.1833332369615,15.856494778911383,AWAY POSSESSION,71,,,P-M3,,,,,,
FF VS SI copy,3017.079827971939,11.794482556689218,AWAY POSSESSION,72,,,P-M3,,,,,,
FF VS SI copy,3045.6743104223356,7.319999977324187,AWAY POSSESSION,73,,,P-D3,,,,,,
FF VS SI copy,3058.839999926304,12.959999946145217,AWAY POSSESSION,74,,,P-D3,,,,,,
FF VS SI copy,3149.6983333333333,15.723333333333358,AWAY POSSESSION,75,,,P-D3,,,,,,
FF VS SI copy,3171.608333331916,6.239999999999782,AWAY POSSESSION,76,,,P-M3,,,,,,
FF VS SI copy,3554.39,12.490272915249534,AWAY POSSESSION,77,,,P-D3,,,,,,
FF VS SI copy,3592.9202729152494,14.519999999999982,AWAY POSSESSION,78,,,"P-D3, P-M3",,,,,,
FF VS SI copy,3623.0402729152493,8.039999999999964,AWAY POSSESSION,79,,,"P-D3, P-M3",,,,,,
FF VS SI copy,3669.4000405002835,13.079999999999927,AWAY POSSESSION,80,,,P-M3,,,,,,
FF VS SI copy,3696.3966666666665,13.640000000000327,AWAY POSSESSION,81,P-F3,,,,,,,,
FF VS SI copy,3727.036666666667,7.079999999999927,AWAY POSSESSION,82,,,P-M3,,,,,,
FF VS SI copy,3740.596666666667,11.759999999999764,AWAY POSSESSION,83,,,P-D3,,,,,,
FF VS SI copy,3754.036666666667,7.799999999999727,AWAY POSSESSION,84,,,P-M3,,,,,,
FF VS SI copy,3761.7166666666667,7.920000000000073,AWAY POSSESSION,85,,,P-M3,,,,,,
FF VS SI copy,3790.8766666666666,7.079999999999927,AWAY POSSESSION,86,,,P-D3,,,,,,
FF VS SI copy,3798.9166666666665,10.079999999999927,AWAY POSSESSION,87,,,P-M3,,,,,,
FF VS SI copy,3838.0466666666666,6.360000000000127,AWAY POSSESSION,88,,,P-M3,,,,,,
FF VS SI copy,3880.677874788832,27.472125211168077,AWAY POSSESSION,89,P-F3,,P-D3,,,,,,
FF VS SI copy,3994.025,11.029999999999745,AWAY POSSESSION,90,,,P-D3,,,,,,
FF VS SI copy,4051.748333331916,21.960000000000036,AWAY POSSESSION,91,,,P-D3,,,,,,
FF VS SI copy,4085.355,9.960000000000036,AWAY POSSESSION,92,,,P-D3,,,,,,
FF VS SI copy,4111.29,10.43999996173443,AWAY POSSESSION,93,,,P-D3,,,,,,
FF VS SI copy,4124.129999931973,22.919999893707427,AWAY POSSESSION,94,,,P-D3,,,,,,
FF VS SI copy,4162.769999725057,12.119999951813952,AWAY POSSESSION,95,,,P-D3,,,,,,
FF VS SI copy,4197.156666625567,5.999999984410351,AWAY POSSESSION,96,,,"P-D3, P-M3",,,,,,
FF VS SI copy,4282.917440554138,5.999999982993359,AWAY POSSESSION,97,,,P-M3,,,,,,
FF VS SI copy,4294.843468265306,7.919999974489656,AWAY POSSESSION,98,,,P-M3,,,,,,
FF VS SI copy,4318.571666667,12.959999948646328,AWAY POSSESSION,99,,,P-D3,,,,,,
FF VS SI copy,4345.079044541,10.772622115745435,AWAY POSSESSION,100,,,P-D3,,,SEAM TWO ENTRY,,,
FF VS SI copy,4396.651666421485,6.23999998299314,AWAY POSSESSION,101,,,P-D3,,,,,,
FF VS SI copy,4410.9316663449545,6.59999998157582,AWAY POSSESSION,102,,,P-D3,,,,,,
FF VS SI copy,4433.352811870748,8.279999971655343,AWAY POSSESSION,103,,,P-D3,,,,,,
FF VS SI copy,4449.9128117828795,3.0,AWAY POSSESSION,104,,,P-D3,,,,,,
FF VS SI copy,4471.152811669501,3.0,AWAY POSSESSION,105,,,P-D3,,,,,,
FF VS SI copy,4531.935043246882,18.71999991638313,AWAY POSSESSION,106,,,P-M3,,,,,,
FF VS SI copy,4580.296666622732,15.519756478174713,AWAY POSSESSION,107,,,P-D3,,,,,,
FF VS SI copy,4598.8164230683105,3.0,AWAY POSSESSION,108,,,P-D3,,,,,,
FF VS SI copy,4615.496422979025,15.119999936224303,AWAY POSSESSION,109,,,"P-D3, P-M3",,,,,,
FF VS SI copy,4652.889999987245,24.253333289399052,AWAY POSSESSION,110,,,P-D3,,,,,,
FF VS SI copy,4742.543333333,14.999999936557288,AWAY POSSESSION,111,,,P-M3,,,,,,
FF VS SI copy,4812.801798407029,11.759999953231272,AWAY POSSESSION,112,,,P-D3,,,,,,
FF VS SI copy,4872.511666666666,14.99999993480742,AWAY POSSESSION,113,,,P-D3,,,,,,
FF VS SI copy,4951.856666662415,5.3999999872448825,AWAY POSSESSION,114,,,P-D3,,,,,,
FF VS SI copy,4970.2166665632085,6.59999998157582,AWAY POSSESSION,115,,,"P-D3, P-M3",,,,,,
FF VS SI copy,4991.216666451247,7.679999974489874,AWAY POSSESSION,116,,,P-D3,,,,,,
FF VS SI copy,5013.944999882369,8.759999968820921,AWAY POSSESSION,117,,,P-D3,,,,,,
FF VS SI copy,5081.873333333333,16.679999926303935,AWAY POSSESSION,118,,,"P-D3, P-M3",,,SEAM TWO ENTRY,,,
FF VS SI copy,5106.261666639739,22.679999893707645,AWAY POSSESSION,119,,,P-D3,,,,,,
FF VS SI copy,5136.021666479592,9.599999964569179,AWAY POSSESSION,120,,,P-M3,,,,,,
FF VS SI copy,5148.861666411564,7.799999974489765,AWAY POSSESSION,121,,,P-D3,,,,,,
FF VS SI copy,5235.328678864796,11.159999956065803,AWAY POSSESSION,122,,,P-M3,,,,,,
FF VS SI copy,5248.8886787911,7.559999975906976,AWAY POSSESSION,123,,,"P-D3, P-M3",,,,,,
FF VS SI copy,5350.404243912982,14.879999936224522,AWAY POSSESSION,124,,,P-M3,,,,,,
FF VS SI copy,5380.524243751417,10.319999961734538,AWAY POSSESSION,125,,,"P-D3, P-M3",,,,,,
FF VS SI copy,5444.948333333334,12.839999950396304,AWAY POSSESSION,126,,,P-D3,,,,,,
FF VS SI copy,5574.044656000567,7.919999973072663,AWAY POSSESSION,127,,,P-D3,,,,,,
FF VS SI copy,5593.4846558956915,22.11367743730807,AWAY POSSESSION,128,,,P-D3,,,,,,
FF VS SI copy,5685.548333329081,22.828267141439937,AWAY POSSESSION,129,,,P-M3,,,,,,
FF VS SI copy,5768.941726964285,10.919999957483014,AWAY POSSESSION,130,,,P-D3,,,,,,
FF VS SI copy,5790.3716666425735,8.639999970238023,AWAY POSSESSION,131,,,"P-D3, P-M3",,,,,,
FF VS SI copy,5846.139458107993,5.519999987244773,AWAY POSSESSION,132,,,P-D3,,,,,,
FF VS SI copy,5896.63166665958,13.99000000741944,AWAY POSSESSION,133,,,P-D3,,,,,,
FF VS SI copy,5955.616666666667,11.279999957482687,AWAY POSSESSION,134,,,P-M3,,,,,,
FF VS SI copy,5982.246294272959,6.959999978741507,AWAY POSSESSION,135,,,P-M3,,,,,,
FF VS SI copy,6010.446294121315,5.879999985827453,AWAY POSSESSION,136,,,P-D3,,,,,,
FF VS SI copy,6067.622855789399,16.212144210600854,AWAY POSSESSION,137,,,P-D3,,,,,,
FF VS SI copy,6089.114999957483,5.519999985827781,AWAY POSSESSION,138,,,P-M3,,,,,,
FF VS SI copy,6105.1949998710315,26.879999872448934,AWAY POSSESSION,139,,,P-D3,,,SEAM TWO ENTRY,,,
FF VS SI copy,6139.2749996882085,10.84500031179141,AWAY POSSESSION,140,,,P-M3,,,,,,
FF VS SI copy,6197.153333261054,6.59999998157582,AWAY POSSESSION,141,,,P-D3,,,,,,
FF VS SI copy,6211.814999982993,3.6083333503402173,AWAY POSSESSION,142,,,P-D3,,,,,,
FF VS SI copy,6242.12,12.590000000000146,AWAY POSSESSION,143,,,P-D3,,,SEAM TWO ENTRY,,,
FF VS SI copy,6284.458333333333,11.760000000000218,AWAY POSSESSION,144,,,P-D3,,,,,,
FF VS SI copy,6300.778333333334,17.75999999999931,AWAY POSSESSION,145,,,"P-D3, P-M3",,,,,,
FF VS SI copy,6324.538333333333,17.160000000000764,AWAY POSSESSION,146,,,P-M3,,,,,,
FF VS SI copy,6350.368333333333,24.64350945861679,AWAY POSSESSION,147,,,P-D3,,,,,,
FF VS SI copy,6401.17184279195,12.269823874716167,AWAY POSSESSION,148,,,P-D3,,,,,,
FF VS SI copy,470.3,29.599999999999966,HOME POSSESSION,1,,,P-D3,,,SEAM TWO ENTRY,,,
FF VS SI copy,499.9,9.567191979875304,HOME POSSESSION,2,,,,,,,,,
FF VS SI copy,506.86719197987526,13.800000000000011,HOME POSSESSION,3,,,P-M3,,,SEAM TWO ENTRY,,,
FF VS SI copy,521.0166666666667,21.278333333333308,HOME POSSESSION,4,,,P-M3,,,,,,
FF VS SI copy,539.295,8.600000000000023,HOME POSSESSION,5,P-F3,,P-M3,"SHOT IN BOX, ON TARGET, SHOT, GOAL",,,PENALTY AREA ENTRY,,
FF VS SI copy,618.9274637514172,17.899999999999977,HOME POSSESSION,6,,,P-M3,,,SEAM TWO ENTRY,"Cross Successful, CROSSES, PENALTY AREA ENTRY",,
FF VS SI copy,650.915,16.0,HOME POSSESSION,7,,,P-M3,,,SEAM TWO ENTRY,,,
FF VS SI copy,667.515,8.800000000000068,HOME POSSESSION,8,P-F3,,,,,,"Cross Unsuccessful, CROSSES",,
FF VS SI copy,697.395,28.600000000000023,HOME POSSESSION,9,,,P-M3,,,,,,
FF VS SI copy,745.08,3.0,HOME POSSESSION,10,,,,,,,,,
FF VS SI copy,753.9833333333333,20.86929916666668,HOME POSSESSION,11,,,P-D3,,SEAM THREE ENTRY,,,,
FF VS SI copy,843.16341875,13.0,HOME POSSESSION,12,P-F3,,P-M3,,,SEAM TWO ENTRY,"PENALTY AREA ENTRY, Cross Unsuccessful, CROSSES",,
FF VS SI copy,848.3476465104799,11.215772239519993,HOME POSSESSION,13,,,,"ON TARGET, SHOT, GOAL, SHOT IN BOX",,SEAM TWO ENTRY,PENALTY AREA ENTRY,,
FF VS SI copy,924.6216666666667,6.100000000000023,HOME POSSESSION,14,,,P-M3,,,,,,
FF VS SI copy,945.4216666666666,39.60000000000002,HOME POSSESSION,15,P-F3,,P-M3,,SEAM THREE ENTRY,,"PENALTY AREA ENTRY, Cross Successful, CROSSES",,
FF VS SI copy,982.0216666666666,3.0,HOME POSSESSION,16,,,,,,,,,
FF VS SI copy,982.0216666666666,9.100000000000023,HOME POSSESSION,17,P-F3,,,,,,PENALTY AREA ENTRY,,
FF VS SI copy,994.0716666666667,14.0,HOME POSSESSION,18,,,P-M3,,,,,,
FF VS SI copy,1019.7716666666666,28.79833325396828,HOME POSSESSION,19,P-F3,,P-D3,,SEAM THREE ENTRY,SEAM TWO ENTRY,"PENALTY AREA ENTRY, Cross Unsuccessful, CROSSES",,
FF VS SI copy,1046.1166666241497,9.299999953231236,HOME POSSESSION,20,P-F3,,,,,,"Cross Unsuccessful, CROSSES",,
FF VS SI copy,1119.2400580342971,19.799999886621208,HOME POSSESSION,21,,,P-M3,,,SEAM TWO ENTRY,,,
FF VS SI copy,1142.2800578798185,41.6399997392291,HOME POSSESSION,22,,,P-D3,,SEAM THREE ENTRY,,"Cross Unsuccessful, CROSSES",,
FF VS SI copy,1217.505564987245,11.639999941893393,HOME POSSESSION,23,,,P-M3,,,,"Cross Successful, CROSSES",,
FF VS SI copy,1257.6899731079932,28.799999822845848,HOME POSSESSION,24,,,P-M3,,,SEAM TWO ENTRY,,,
FF VS SI copy,1301.0083332893992,14.548333303571326,HOME POSSESSION,25,P-F3,,P-M3,"SHOT IN BOX, SHOT",,SEAM TWO ENTRY,PENALTY AREA ENTRY,,
FF VS SI copy,1346.0483332908163,22.559999868197337,HOME POSSESSION,26,P-F3,,P-M3,"ON TARGET, SHOT, GOAL, SHOT, SHOT IN BOX",SEAM THREE ENTRY,,PENALTY AREA ENTRY,,
FF VS SI copy,1419.9899999503969,60.17833318452381,HOME POSSESSION,27,,,"P-M3, P-D3, P-M3",,SEAM THREE ENTRY,SEAM TWO ENTRY,"Cross Unsuccessful, CROSSES",,
FF VS SI copy,1483.6483330924036,15.23999991780056,HOME POSSESSION,28,P-F3,,,,,,,,
FF VS SI copy,1510.408332912415,33.47333360260768,HOME POSSESSION,29,,,P-M3,,SEAM THREE ENTRY,SEAM TWO ENTRY,PENALTY AREA ENTRY,,
FF VS SI copy,1543.0416665008504,10.679999950396677,HOME POSSESSION,30,P-F3,,,,,,"PENALTY AREA ENTRY, Cross Unsuccessful, CROSSES",,
FF VS SI copy,1624.020126371882,26.879999970238032,HOME POSSESSION,31,,,P-M3,,,,,,
FF VS SI copy,1650.7801263364513,10.919999991496525,HOME POSSESSION,32,,,P-M3,,,,,,
FF VS SI copy,1658.7001263279478,22.919873662131522,HOME POSSESSION,33,,,P-M3,,,SEAM TWO ENTRY,,,
FF VS SI copy,1682.4599999844104,7.799999994331074,HOME POSSESSION,34,P-F3,,P-M3,,,,,,
FF VS SI copy,1700.9915099489797,11.620156712018115,HOME POSSESSION,35,,,P-M3,,,SEAM TWO ENTRY,,,
FF VS SI copy,1725.436666667,6.719999996832257,HOME POSSESSION,36,,,P-M3,,,,,,
FF VS SI copy,1732.6366666581632,26.879999970238032,HOME POSSESSION,37,P-F3,,P-D3,,,SEAM TWO ENTRY,"Cross Unsuccessful, CROSSES",,
FF VS SI copy,1789.0666666553288,25.19999997307241,HOME POSSESSION,38,P-F3,,P-D3,,,SEAM TWO ENTRY,"Cross Unsuccessful, CROSSES",,
FF VS SI copy,1845.2414234126984,3.0,HOME POSSESSION,39,,,P-M3,,,,,,
FF VS SI copy,1852.081423404195,27.796909919217796,HOME POSSESSION,40,,,P-M3,,,SEAM TWO ENTRY,,,
FF VS SI copy,1885.2783333106577,7.079999994331047,HOME POSSESSION,41,,,P-D3,,,,,,
FF VS SI copy,1892.7183333021542,17.039999981575875,HOME POSSESSION,42,,,P-D3,,,SEAM TWO ENTRY,,,
FF VS SI copy,1930.2266666638322,30.71999996456907,HOME POSSESSION,43,,OFFSIDE,P-M3,,,,,,
FF VS SI copy,2000.753095952381,3.959999998582589,HOME POSSESSION,44,,,P-M3,,,,,,
FF VS SI copy,2005.073095946712,48.119999919217435,HOME POSSESSION,45,,,"P-M3, P-M3","SHOT IN BOX, ON TARGET, SHOT",SEAM THREE ENTRY,,"Cross Successful, CROSSES",,
FF VS SI copy,2053.5530958475056,14.639999937641733,HOME POSSESSION,46,,,P-M3,,,SEAM TWO ENTRY,,,
FF VS SI copy,2073.0133333333333,12.274993200113386,HOME POSSESSION,47,,,P-M3,,,,,,
FF VS SI copy,2101.1519784084467,41.15999979591834,HOME POSSESSION,48,P-F3,,"P-M3, P-D3",,,SEAM TWO ENTRY,"Cross Unsuccessful, CROSSES",,
FF VS SI copy,2210.7616665150226,33.11999983843543,HOME POSSESSION,49,P-F3,,P-M3,,SEAM THREE ENTRY,SEAM TWO ENTRY,PENALTY AREA ENTRY,,
FF VS SI copy,2257.945,7.079999978741398,HOME POSSESSION,50,,,P-M3,,,,,,
FF VS SI copy,2276.40489158305,30.599999852607652,HOME POSSESSION,51,,,"P-M3, P-D3",,,,,,
FF VS SI copy,2312.524891390306,24.6751086040249,HOME POSSESSION,52,P-F3,,P-M3,"SHOT IN BOX, ON TARGET, SHOT",,SEAM TWO ENTRY,"Cross Successful, CROSSES",,
FF VS SI copy,2348.158055364229,12.719999947562428,HOME POSSESSION,53,P-F3,,,,,,"Cross Successful, CROSSES",,
FF VS SI copy,2357.8780553117913,8.639999970238023,HOME POSSESSION,54,P-F3,,,,,,"Cross Unsuccessful, CROSSES",,
FF VS SI copy,2397.2666666227324,25.5599998795351,HOME POSSESSION,55,P-F3,,P-M3,"SHOT IN BOX, SHOT",SEAM THREE ENTRY,,PENALTY AREA ENTRY,,
FF VS SI copy,2464.6518720776644,28.07999986536288,HOME POSSESSION,56,P-F3,,P-M3,"ON TARGET, SHOT",,SEAM TWO ENTRY,,,
FF VS SI copy,2514.8740420819163,18.239999919217553,HOME POSSESSION,57,P-F3,,P-M3,"SHOT IN BOX, SHOT",,SEAM TWO ENTRY,PENALTY AREA ENTRY,,
FF VS SI copy,2565.0916666354874,52.3199997349775,HOME POSSESSION,58,P-F3,,P-M3,,SEAM THREE ENTRY,SEAM TWO ENTRY,,,
FF VS SI copy,2638.7716662400794,35.39999982709742,HOME POSSESSION,59,P-F3,,P-M3,REVIEW (LABEL),,SEAM TWO ENTRY,"Cross Unsuccessful, CROSSES",,
FF VS SI copy,2690.66278381661,28.67999986394534,HOME POSSESSION,60,P-F3,,P-M3,,,SEAM TWO ENTRY,,,
FF VS SI copy,2763.1372338123583,8.639999970238023,HOME POSSESSION,61,,,P-D3,,,,,,
FF VS SI copy,2768.7772337825963,25.679999878117997,HOME POSSESSION,62,,,P-M3,,,,,,
FF VS SI copy,2799.2572336196145,16.679999926303935,HOME POSSESSION,63,,,P-M3,,,,,,
FF VS SI copy,2831.0572334495464,29.007766513605475,HOME POSSESSION,64,,,P-D3,,,SEAM TWO ENTRY,,,
FF VS SI copy,2857.064999963152,17.879999920634873,HOME POSSESSION,65,,,P-M3,,,,,,
FF VS SI copy,2874.824999868197,7.079999978741398,HOME POSSESSION,66,,,P-M3,,,,,,
FF VS SI copy,2886.224999807256,6.23999998299314,HOME POSSESSION,67,,,P-M3,,,,,,
FF VS SI copy,2912.3549409566326,42.839999787414854,HOME POSSESSION,68,P-F3,,P-M3,"REVIEW (LABEL), SHOT",SEAM THREE ENTRY,"SEAM TWO ENTRY, SEAM TWO ENTRY",PENALTY AREA ENTRY,,
FF VS SI copy,2985.503333295068,9.1199999674036,HOME POSSESSION,69,,,P-M3,,,,,,
FF VS SI copy,3029.7143105073696,18.95999991496592,HOME POSSESSION,70,,,P-D3,,,SEAM TWO ENTRY,,,
FF VS SI copy,3054.5199999489796,7.319999977324187,HOME POSSESSION,71,P-F3,,,,,,,,
FF VS SI copy,3068.799999872449,22.319999896541958,HOME POSSESSION,72,,,P-M3,,,SEAM TWO ENTRY,,,
FF VS SI copy,3135.2984514158165,13.274881917516723,HOME POSSESSION,73,P-F3,,P-M3,"SHOT IN BOX, ON TARGET, SHOT",SEAM THREE ENTRY,,"Cross Successful, CROSSES",,
FF VS SI copy,3174.848333331916,21.600000000000364,HOME POSSESSION,74,,,P-D3,,,,,,
FF VS SI copy,3519.95,15.720000000000255,HOME POSSESSION,75,"P-F3, P-F3",,P-M3,"SHOT IN BOX, SHOT",,SEAM TWO ENTRY,PENALTY AREA ENTRY,,
FF VS SI copy,3563.8802729152494,32.039999999999964,HOME POSSESSION,76,,,P-M3,,,SEAM TWO ENTRY,,,
FF VS SI copy,3604.4402729152494,21.59999999999991,HOME POSSESSION,77,,,P-M3,,,,,,
FF VS SI copy,3628.080272915249,10.320000000000164,HOME POSSESSION,78,,,P-M3,,,,,,
FF VS SI copy,3636.65,22.679999999999836,HOME POSSESSION,79,,,P-M3,,,SEAM TWO ENTRY,,,
FF VS SI copy,3679.4800405002834,11.400000000000091,HOME POSSESSION,80,,,P-D3,,,,,,
FF VS SI copy,3713.2766666666666,16.76000000000022,HOME POSSESSION,81,,,P-D3,,,SEAM TWO ENTRY,,,
FF VS SI copy,3731.116666666667,12.480000000000018,HOME POSSESSION,82,,,P-D3,,,,,,
FF VS SI copy,3758.8366666666666,5.880000000000109,HOME POSSESSION,83,,,P-M3,,,,,,
FF VS SI copy,3766.6366666666668,27.23999999999978,HOME POSSESSION,84,P-F3,,P-M3,,,SEAM TWO ENTRY,,,
FF VS SI copy,3794.9566666666665,6.960000000000036,HOME POSSESSION,85,,,P-M3,,,,,,
FF VS SI copy,3805.9966666666664,35.05000000000018,HOME POSSESSION,86,,,P-D3,,,,,,
FF VS SI copy,3841.4066666666668,20.940000000000055,HOME POSSESSION,87,P-F3,,P-M3,REVIEW (LABEL),,SEAM TWO ENTRY,,,
FF VS SI copy,3960.8716666666664,34.233333333333576,HOME POSSESSION,88,P-F3,,P-D3,REVIEW (LABEL),,SEAM TWO ENTRY,,,
FF VS SI copy,4002.055,11.2800000000002,HOME POSSESSION,89,P-F3,,P-M3,,,,"Cross Unsuccessful, CROSSES",,
FF VS SI copy,4070.708333331916,9.480000000000018,HOME POSSESSION,90,,,P-M3,,,,,,
FF VS SI copy,4092.2316666666666,17.399999929138176,HOME POSSESSION,91,,,P-M3,,,,,,
FF VS SI copy,4144.04999982568,21.71999989937649,HOME POSSESSION,92,,,P-M3,,,SEAM TWO ENTRY,,,
FF VS SI copy,4170.6883333333335,12.719999950396414,HOME POSSESSION,93,,,P-M3,,,,,,
FF VS SI copy,4180.40833328373,18.90833334608851,HOME POSSESSION,94,,,P-M3,,,,,,
FF VS SI copy,4200.156666609977,7.559999975906976,HOME POSSESSION,95,,,P-M3,,,,,,
FF VS SI copy,4250.277440728458,35.639999825680206,HOME POSSESSION,96,P-F3,,P-M3,,,SEAM TWO ENTRY,,,
FF VS SI copy,4299.763468239796,21.808198427203934,HOME POSSESSION,97,P-F3,,P-M3,,SEAM THREE ENTRY,,"Cross Unsuccessful, CROSSES",,
FF VS SI copy,4352.851666656746,46.79999976473937,HOME POSSESSION,98,P-F3,,P-M3,,,SEAM TWO ENTRY,,,
FF VS SI copy,4399.891666404478,14.039999940476264,HOME POSSESSION,99,,,P-M3,,,,,,
FF VS SI copy,4438.6328118424035,14.279999940476046,HOME POSSESSION,100,,,P-D3,,,SEAM TWO ENTRY,,,
FF VS SI copy,4449.9128117828795,24.239999886621263,HOME POSSESSION,101,P-F3,,P-M3,,,SEAM TWO ENTRY,"Cross Unsuccessful, CROSSES",,
FF VS SI copy,4471.152811669501,9.239999965986499,HOME POSSESSION,102,P-F3,,,"ON TARGET, SHOT, GOAL",,,,,
FF VS SI copy,4547.655043163265,25.919999876700786,HOME POSSESSION,103,P-F3,,P-M3,REVIEW (LABEL),,SEAM TWO ENTRY,,,
FF VS SI copy,4573.936666656746,6.719999980158718,HOME POSSESSION,104,P-F3,,,,,,,,
FF VS SI copy,4595.216423088152,6.599999980158827,HOME POSSESSION,105,P-F3,,,,,,,,
FF VS SI copy,4598.8164230683105,19.679999910714287,HOME POSSESSION,106,,,P-M3,,,SEAM TWO ENTRY,,,
FF VS SI copy,4629.896422902494,16.07999993055546,HOME POSSESSION,107,,,P-M3,,,,,,
FF VS SI copy,4674.143333276644,26.24166663548749,HOME POSSESSION,108,P-F3,,P-M3,"SHOT IN BOX, ON TARGET, SHOT, GOAL",SEAM THREE ENTRY,SEAM TWO ENTRY,"Cross Successful, CROSSES",,
FF VS SI copy,4754.5433332695575,22.799999893707536,HOME POSSESSION,109,,,P-M3,,,SEAM TWO ENTRY,,,
FF VS SI copy,4776.983333149093,21.95999989795928,HOME POSSESSION,110,,,P-M3,,,,,,
FF VS SI copy,4821.561798360261,13.29986824829939,HOME POSSESSION,111,P-F3,,,"SHOT IN BOX, SHOT",SEAM THREE ENTRY,,PENALTY AREA ENTRY,,
FF VS SI copy,4884.511666601474,29.048333397108763,HOME POSSESSION,112,P-F3,,P-M3,,,SEAM TWO ENTRY,"Cross Unsuccessful, CROSSES",,
FF VS SI copy,4954.25666664966,18.959999913548927,HOME POSSESSION,113,P-F3,,,,,SEAM TWO ENTRY,,,
FF VS SI copy,4973.816666544784,20.399999906462654,HOME POSSESSION,114,P-F3,,P-M3,,,SEAM TWO ENTRY,"Cross Unsuccessful, CROSSES",,
FF VS SI copy,4994.384999987245,22.559999895124747,HOME POSSESSION,115,P-F3,,P-M3,,,SEAM TWO ENTRY,"PENALTY AREA ENTRY, Cross Unsuccessful, CROSSES",,
FF VS SI copy,5095.553333259637,13.708333380101976,HOME POSSESSION,116,,,P-M3,,,,,,
FF VS SI copy,5125.941666533447,13.079999946145108,HOME POSSESSION,117,,,P-M3,,,,,,
FF VS SI copy,5142.621666444161,9.239999967403492,HOME POSSESSION,118,,,P-M3,,,,,,
FF VS SI copy,5153.661666386054,25.698333548753,HOME POSSESSION,119,P-F3,,P-M3,"ON TARGET, SHOT, GOAL, SHOT IN BOX",SEAM THREE ENTRY,,PENALTY AREA ENTRY,,
FF VS SI copy,5243.488678820861,8.399999970238241,HOME POSSESSION,120,P-F3,,P-M3,,,,,,
FF VS SI copy,5253.448678767007,12.686321197562393,HOME POSSESSION,121,,,P-M3,,SEAM THREE ENTRY,,"PENALTY AREA ENTRY, Cross Unsuccessful, CROSSES",,
FF VS SI copy,5362.284243849206,17.759999920634982,HOME POSSESSION,122,,,P-M3,"SHOT IN BOX, ON TARGET, SHOT",SEAM THREE ENTRY,SEAM TWO ENTRY,PENALTY AREA ENTRY,,
FF VS SI copy,5378.604243762755,4.919999988662312,HOME POSSESSION,123,P-F3,,,,,,"PENALTY AREA ENTRY, Cross Unsuccessful, CROSSES",,
FF VS SI copy,5387.844243713152,46.67999976615647,HOME POSSESSION,124,,,P-M3,,,SEAM TWO ENTRY,,,
FF VS SI copy,5457.886666667,18.479999921718445,HOME POSSESSION,125,P-F3,,,,,SEAM TWO ENTRY,,,
FF VS SI copy,5519.626666638322,29.039999859694035,HOME POSSESSION,126,P-F3,,P-M3,"SHOT IN BOX, SHOT",,SEAM TWO ENTRY,PENALTY AREA ENTRY,,
FF VS SI copy,5578.964655973639,17.519999922052193,HOME POSSESSION,127,,,P-M3,,SEAM THREE ENTRY,SEAM TWO ENTRY,PENALTY AREA ENTRY,,
FF VS SI copy,5612.598333333,34.55999983309994,HOME POSSESSION,128,P-F3,,P-M3,"SHOT IN BOX, ON TARGET, SHOT, GOAL",SEAM THREE ENTRY,,"Cross Successful, CROSSES",,
FF VS SI copy,5712.885411125283,45.37631591128138,HOME POSSESSION,129,P-F3,,,,,,,,
FF VS SI copy,5757.661727023809,14.279999940476046,HOME POSSESSION,130,P-F3,,,,,,"Cross Unsuccessful, CROSSES",,
FF VS SI copy,5776.861726921768,16.50993972080505,HOME POSSESSION,131,P-F3,,P-M3,SHOT,,SEAM TWO ENTRY,PENALTY AREA ENTRY,,
FF VS SI copy,5796.0116666128115,21.458333353174567,HOME POSSESSION,132,,,P-M3,"SHOT IN BOX, SHOT",SEAM THREE ENTRY,,,,
FF VS SI copy,5848.659458095238,8.519999970238132,HOME POSSESSION,133,,,P-M3,,,,,,
FF VS SI copy,5858.4994580428,24.23999988520427,HOME POSSESSION,134,P-F3,,P-M3,"SHOT IN BOX, SHOT",,SEAM TWO ENTRY,PENALTY AREA ENTRY,,
FF VS SI copy,5907.621666667001,10.953619181210343,HOME POSSESSION,135,,,P-M3,,,,,,
FF VS SI copy,5971.203333331916,14.04296094104302,HOME POSSESSION,136,,,P-D3,,,SEAM TWO ENTRY,,,
FF VS SI copy,5986.2062942517005,12.719999947562428,HOME POSSESSION,137,,,P-M3,,,SEAM TWO ENTRY,,,
FF VS SI copy,5996.4062941964285,17.039999924886615,HOME POSSESSION,138,,,P-M3,,,SEAM TWO ENTRY,,,
FF VS SI copy,6013.3262941071425,24.83999988236974,HOME POSSESSION,139,P-F3,,P-M3,,,,,,
FF VS SI copy,6041.8106875382655,20.879999906462217,HOME POSSESSION,140,P-F3,,,,,,,,
FF VS SI copy,6080.835,11.279999957482687,HOME POSSESSION,141,,,P-M3,,,,,,
FF VS SI copy,6091.6349999433105,16.559999927721037,HOME POSSESSION,142,,,P-M3,,,,,,
FF VS SI copy,6147.12,50.39333327522672,HOME POSSESSION,143,P-F3,,"P-D3, P-M3, P-M3",SHOT,,SEAM TWO ENTRY,,,
FF VS SI copy,6200.75333324263,14.061666740362853,HOME POSSESSION,144,P-F3,,P-M3,,SEAM THREE ENTRY,,"PENALTY AREA ENTRY, Cross Unsuccessful, CROSSES",,
FF VS SI copy,6212.423333333333,10.439999960317436,HOME POSSESSION,145,,,P-M3,,,,"Cross Unsuccessful, CROSSES",,
FF VS SI copy,6251.71,23.640000000000327,HOME POSSESSION,146,,,P-M3,,,,,,
FF VS SI copy,6338.698333333334,14.669999999999163,HOME POSSESSION,147,,,"P-D3, P-M3",,SEAM THREE ENTRY,SEAM TWO ENTRY,PENALTY AREA ENTRY,,
FF VS SI copy,6372.01184279195,8.520000000000437,HOME POSSESSION,148,,,P-M3,,,,,,
FF VS SI copy,6379.45184279195,24.720000000000255,HOME POSSESSION,149,,,P-M3,,SEAM THREE ENTRY,SEAM TWO ENTRY,PENALTY AREA ENTRY,,
FF VS SI copy,785.1966666666667,25.5,HOME SET PIECE,1,,,,,,,"Cross Successful, CROSSES",,
FF VS SI copy,1078.57327756661,13.199999931972798,HOME SET PIECE,2,,,,"SHOT IN BOX, SHOT",,,,,
FF VS SI copy,1209.7855650340136,10.719999953231309,HOME SET PIECE,3,,,,,,,,,
FF VS SI copy,2163.5266666581633,11.559999960317327,HOME SET PIECE,4,,,,,,,,,
FF VS SI copy,3111.1196507738096,26.698800642006972,HOME SET PIECE,5,,,,,,,,,
FF VS SI copy,4033.40031404195,12.588019289966269,HOME SET PIECE,6,,,,"SHOT IN BOX, SHOT",,,,,
FF VS SI copy,4938.230036330782,16.62663033163244,HOME SET PIECE,7,,,P-D3,,,,,,
FF VS SI copy,5040.5203067517,36.074693197278975,HOME SET PIECE,8,,,,"SHOT, SHOT IN BOX, SHOT",,,,,
FF VS SI copy,5285.383333333333,8.60666666099769,HOME SET PIECE,9,,,,"SHOT IN BOX, ON TARGET, SHOT, GOAL",,,,,
FF VS SI copy,5503.6928607568025,18.93380588151922,HOME SET PIECE,10,,,,,,,,,
FF VS SI copy,3927.6008319557823,27.76000000000022,AWAY SET PIECE,1,,,,,,,,,