Timeline,Start time,Duration,Row,Instance number,ASSIST,ATTACKING THIRD,BUILD UP PROGRESSION,CROSS,CROSS ,Cross Destination,Cross Outcome,Cross Type,DEFENSIVE THIRD,Defending Actions,GOAL,Goalkeeper Actions,MIDDLE THIRD,OFFSIDE,Outcome,PASS INTO S2,PASS INTO S3,POSSESSION,POSSESSION END,Passing Destination,Passing Direction,REC IN S2,REC IN S3,REGAINS,REVIEW,SEAM THREE,SEAM TWO,SHOT,Seam Two Output,Shooting Heat Graph,Transition,Ungrouped,Notes,Flags
MD1 vs Samoa,1154.1867012712585,9.099999931972889,HOME POSSESSION,1,,,,,,,,,,,,,,,,,,P-M3,,,,,,REGAINS,,,,,,,,,,
MD1 vs Samoa,1170.7867011465419,16.083232104591843,HOME POSSESSION,2,,,P-F3,,,,,,,,GOAL,,,,,,,P-M3,,,,REC IN S2,,REGAINS,,,,,,,Attacking Transition,,,
MD1 vs Samoa,1218.769899951814,5.999999956065722,HOME POSSESSION,3,,,,,,,,,,,,,,,,,,P-M3,,,,,,REGAINS,,,,,,,,,,
MD1 vs Samoa,1252.8698996981293,1.9999999858275714,HOME POSSESSION,4,,,,,,,,,,,,,,,,,,P-M3,,,,,,,,,,,,,,,,
MD1 vs Samoa,1258.969899654195,15.299999883786995,HOME POSSESSION,5,,,,,,,,,,,,,,,,,,,,,,,,,,,,,,,,,,
MD1 vs Samoa,1276.469899520975,2.199999984410397,HOME POSSESSION,6,,,,,,,,,,,,,,,,,,P-M3,,,,,,REGAINS,,,,,,,,,,
MD1 vs Samoa,1282.7557666354876,6.399999953231145,HOME POSSESSION,7,,F3,P-F3,,,,,,,,,,,,,,,P-M3,,,,,,REGAINS,,,,,,,Attacking Transition,,,
MD1 vs Samoa,1333.4241999844105,9.032399960317434,HOME POSSESSION,8,,F3,P-F3,,,,,,,,,,,,,,,P-M3,,,,,,REGAINS,,,,,,,Attacking Transition,,,
MD1 vs Samoa,1343.124066667,15.799966649326507,HOME POSSESSION,9,,,,,,,,,,,,,,,,PASS INTO S2,,P-M3,,,,,,REGAINS,,,,,,,,,,
MD1 vs Samoa,1350.924,30.899999768990938,HOME POSSESSION,10,,,,,,,,,,,,,,,,PASS INTO S2,,P-M3,,,,REC IN S2,REC IN S3,,,,,,,,,,,
MD1 vs Samoa,1417.5185999787416,2.9999999773242507,HOME POSSESSION,11,,,,,,,,,,,,,,,,,,P-M3,,,,,,,,,,,,,,,,
MD1 vs Samoa,1422.5185999418934,7.399999944727824,HOME POSSESSION,12,,,,,,,,,,,,,,,,,,P-M3,,,,,,REGAINS,,,,,,,,,,
MD1 vs Samoa,1440.2185666609978,20.899933339002246,HOME POSSESSION,13,,,,,,,,,,,,,,,,PASS INTO S2,,P-M3,,,,REC IN S2,,,,,,,,,,,,
MD1 vs Samoa,1471.2184999263038,29.599999778911524,HOME POSSESSION,14,,,,,,,,,,,,,,,,PASS INTO S2,,"P-M3, P-D3",,,,"REC IN S2, REC IN S2",,,,,,,,,,,,
MD1 vs Samoa,1503.3184996853743,3.499999974489583,HOME POSSESSION,15,,,,,,,,,,,,,,,,,,P-D3,,,,,,REGAINS,,,,,,,,,,
MD1 vs Samoa,1509.7429666539115,6.199999953231327,HOME POSSESSION,16,,,P-F3,,,,,,,,,,,,,,,,,,,,,,,,,SHOT,,,,,,
MD1 vs Samoa,1582.8576498937075,27.40000000000009,HOME POSSESSION,17,,F3,,,,,,,,,,,,,,"PASS INTO S2, PASS INTO S2",,"P-M3, P-D3",,,,"REC IN S2, REC IN S2",,,,,,,,,,,,
MD1 vs Samoa,1612.1576498937075,28.19998343962584,HOME POSSESSION,18,,,P-F3,,,,,,,,,,,,,PASS INTO S2,PASS INTO S3,P-M3,,,,"REC IN S2, REC IN S2",REC IN S3,,,,,,,,,,,
MD1 vs Samoa,1655.4576333333334,4.0499999999999545,HOME POSSESSION,19,,,,,,,,,,,,,,,,,,,,,,,,REGAINS,,,,,,,,,,
MD1 vs Samoa,1663.3347615179216,18.872871815411827,HOME POSSESSION,20,,,P-F3,,,,,,,,,,,,,,,,,,,,,REGAINS,,,,SHOT,,,Attacking Transition,,,
MD1 vs Samoa,1719.3576333333333,22.700000000000045,HOME POSSESSION,21,,,,,,,,,,,,,M3,,,PASS INTO S2,,P-M3,,,,REC IN S2,REC IN S3,,,,,,,,,,,
MD1 vs Samoa,1743.8576333333333,19.65000000000009,HOME POSSESSION,22,,,P-F3,,,,,,,,,,,,,PASS INTO S2,,P-M3,,,,REC IN S2,,REGAINS,,,,SHOT,,,,,,
MD1 vs Samoa,1770.2076333333334,18.699999999999818,HOME POSSESSION,23,,,P-F3,,,,,,,,,,,,,,,,,,,REC IN S2,,,,,,,,,,,,
MD1 vs Samoa,1792.4076333333333,8.5,HOME POSSESSION,24,,,,,,,,,,,,,,,,PASS INTO S2,,P-M3,,,,REC IN S2,,REGAINS,,,,,,,,,,
MD1 vs Samoa,1805.1076333333333,16.40000000000009,HOME POSSESSION,25,,,,,,,,,,,,,,,,PASS INTO S2,,P-M3,,,,REC IN S2,,REGAINS,,,,,,,,,,
MD1 vs Samoa,1836.7576333333334,3.2999999999999545,HOME POSSESSION,26,,,,,,,,,,,,,,,,,,P-M3,,,,,,REGAINS,,,,,,,,,,
MD1 vs Samoa,1854.3576333333333,24.350000000000136,HOME POSSESSION,27,,,P-F3,,,,,,,,,,M3,,,PASS INTO S2,,P-M3,,,,REC IN S2,,,,,,"SHOT, SHOT",,,,,,
MD1 vs Samoa,1889.9076333333333,25.450000000000045,HOME POSSESSION,28,,,,,,,,,,,,,,,,PASS INTO S2,,P-M3,,,,REC IN S2,,REGAINS,,,,SHOT,,,,,,
MD1 vs Samoa,2008.3489333333334,4.599999999999909,HOME POSSESSION,29,,,,,,,,,,,,,,,,,,P-D3,,,,,,REGAINS,,,,,,,,,,
MD1 vs Samoa,2016.4489333333333,15.799999999999955,HOME POSSESSION,30,,,,,,,,,,,,,,,,PASS INTO S2,,P-D3,,,,"REC IN S2, REC IN S2",,,,,,,,,,,,
MD1 vs Samoa,2036.4489333333333,6.900000000000091,HOME POSSESSION,31,,F3,P-F3,,,,,,,,,,,,,,,P-M3,,,,,,,,,,,,,Attacking Transition,,,
MD1 vs Samoa,2196.4394999872447,37.499999798752924,HOME POSSESSION,32,,,,,,,,,,,,,,,,PASS INTO S2,,P-M3,,,,REC IN S2,,,,,,,,,,,,
MD1 vs Samoa,2237.289466655329,16.19999991354871,HOME POSSESSION,33,,,,,,,,,,,,,,,,,,P-M3,,,,,,REGAINS,,,,,,,,,,
MD1 vs Samoa,2264.289433326247,7.499999958900389,HOME POSSESSION,34,,,,,,,,,,,,,,,,,,P-M3,,,,,,REGAINS,,,,,,,,,,
MD1 vs Samoa,2291.73263329932,0.1999999999998181,HOME POSSESSION,35,,,,,,,,,,,,,,,,,,P-M3,,,,,,,,,,,,,,,,
MD1 vs Samoa,2297.032633270975,16.399999913548527,HOME POSSESSION,36,,,,,,,,,,,,,,,,,,P-M3,,,,,,,,,,,,,,,,
MD1 vs Samoa,2343.371733331916,9.099999950396978,HOME POSSESSION,37,,,,,,,,,,,,,,,,,,P-M3,,,,,,,,,,,,,,,,
MD1 vs Samoa,2366.7717332057823,4.59999997590694,HOME POSSESSION,38,,,,,,,,,,,,,,,,,,,,,,,,REGAINS,,,,,,,,,,
MD1 vs Samoa,2393.071733065476,22.450900175736933,HOME POSSESSION,39,,,P-F3,,,,,,,,,,,,,,PASS INTO S3,P-M3,,,,REC IN S2,REC IN S3,,,,,,,,,,,
MD1 vs Samoa,2443.8721,6.399999965986353,HOME POSSESSION,40,,,P-F3,,,,,,,,,,,,,,,,,,,,,,,,,,,,,,,
MD1 vs Samoa,2458.1720666666665,6.399999964569361,HOME POSSESSION,41,,,P-F3,,,,,,,,,,,,,,,,,,,,,REGAINS,,,,,,,Attacking Transition,,,
MD1 vs Samoa,2469.222033326247,7.0999999617347385,HOME POSSESSION,42,,,P-F3,,,,,,,,,,,,,,,,,,,,,"REGAINS, REGAINS",,,,,,,,,,
MD1 vs Samoa,2474.222,12.7999999333897,HOME POSSESSION,43,,F3,P-F3,,,,,,,,,,,,,,,,,,,,,,,,,,,,,,,
MD1 vs Samoa,2507.7938666043083,12.699999931972798,HOME POSSESSION,44,,,P-F3,,,,,,,,,,,,,,,,,,,,,REGAINS,,,,,,,Attacking Transition,,,
MD1 vs Samoa,2522.993866522109,4.363733466553185,HOME POSSESSION,45,,,P-F3,,,,,,,,,,,,,,,,,,,,,,,,,,,,,,,
MD1 vs Samoa,2536.457599940476,8.567000036848185,HOME POSSESSION,46,,,P-F3,,,,,,,,,,,,,PASS INTO S2,,,,,,REC IN S2,,REGAINS,,,,,,,,,,
MD1 vs Samoa,2546.1745666524944,4.299999977324205,HOME POSSESSION,47,,,P-F3,,,,,,,,,,,,,,,,,,,,,REGAINS,,,,SHOT,,,,,,
MD1 vs Samoa,2584.491833334,14.299966639072409,HOME POSSESSION,48,,,P-F3,,,,,,,,,,,,,,,,,,,,,REGAINS,,,,"SHOT, SHOT",,,Attacking Transition,,,
MD1 vs Samoa,2628.891766602891,13.699966658163248,HOME POSSESSION,49,,F3,P-F3,,,,,,,,,,,,,PASS INTO S2,,,,,,REC IN S2,,REGAINS,,,,,,,,,,
MD1 vs Samoa,2646.4093666411563,20.51942165958053,HOME POSSESSION,50,,,,,,,,,,,,,,,,PASS INTO S2,PASS INTO S3,P-M3,,,,REC IN S2,REC IN S3,,,,,,,,,,,
MD1 vs Samoa,2680.3287666553288,16.04996658304981,HOME POSSESSION,51,,,,,,,,,,,,,,,,PASS INTO S2,,P-M3,,,,REC IN S2,,REGAINS,,,,,,,,,,
MD1 vs Samoa,2740.295700800737,60.74986582341262,HOME POSSESSION,52,,,,,,,,,,,,,M3,,,,PASS INTO S3,P-M3,,,,,,REGAINS,,,,,,,,,,
MD1 vs Samoa,2803.84556660856,13.532833363095051,HOME POSSESSION,53,,,,,,,,,,,,,,,,,,P-M3,,,,,,,,,,,,,,,,
MD1 vs Samoa,2829.07839990788,32.2999998285145,HOME POSSESSION,54,,,,,,,,,,,,,,,,PASS INTO S2,,P-M3,,,,REC IN S2,,,,,,SHOT,,,,,,
MD1 vs Samoa,2877.9283666340702,23.05663865221095,HOME POSSESSION,55,,,,,,,,,,,,,,,,PASS INTO S2,,P-M3,,,,REC IN S2,,REGAINS,,,,,,,,,,
MD1 vs Samoa,2902.934999994331,13.599999927721,HOME POSSESSION,56,,,P-F3,,,,,,,,,,,,,,,,,,,,,REGAINS,,,,,,,,,,
MD1 vs Samoa,2928.8849666666665,9.399999948979712,HOME POSSESSION,57,,,P-F3,,,,,,,,,,M3,,,,,,,,,,,REGAINS,,,,SHOT,,,,,,
MD1 vs Samoa,3180.0174,7.0,HOME POSSESSION,58,,,,,,,,,,,,,,,,PASS INTO S2,,P-M3,,,,REC IN S2,,REGAINS,,,,,,,,,,
MD1 vs Samoa,3193.9174,33.083866666666836,HOME POSSESSION,59,,,,,,,,,,,,,,,,"PASS INTO S2, PASS INTO S2",,P-M3,,,,"REC IN S2, REC IN S2",,REGAINS,,,,,,,,,,
MD1 vs Samoa,3296.7690333333335,31.699999999999818,HOME POSSESSION,60,,,,,,,,,,,,,,,,PASS INTO S2,,P-M3,,,,,,REGAINS,,,,,,,,,,
MD1 vs Samoa,3394.9950451048753,26.90000000000009,HOME POSSESSION,61,ASSIST,,,,,,,,,,GOAL,,,,,PASS INTO S2,PASS INTO S3,P-M3,,,,REC IN S2,REC IN S3,,,,,SHOT,,,,,,
MD1 vs Samoa,3466.595045104875,3.599999999999909,HOME POSSESSION,62,,,,,,,,,,,,,,,,,,P-M3,,,,,,REGAINS,,,,,,,,,,
MD1 vs Samoa,3478.8450333333335,34.32693333333327,HOME POSSESSION,63,,,,,,,,,,,,,,,,PASS INTO S2,,P-M3,,,,REC IN S2,,,,,,,,,,,,
MD1 vs Samoa,3515.0388666666668,13.199999999999818,HOME POSSESSION,64,,,P-F3,,,,,,,,,,,,,,PASS INTO S3,,,,,,REC IN S3,REGAINS,,,,SHOT,,,,,,
MD1 vs Samoa,3559.5888666666665,2.5,HOME POSSESSION,65,,,,,,,,,,,,,,,,,,P-D3,,,,,,REGAINS,,,,,,,,,,
MD1 vs Samoa,3577.2888666666668,5.250799999999799,HOME POSSESSION,66,,,P-F3,,,,,,,,,,,,,,,,,,,,,REGAINS,,,,,,,,,,
MD1 vs Samoa,3584.4898,9.600000000000364,HOME POSSESSION,67,,,P-F3,,,,,,,,,,,,,PASS INTO S2,,,,,,REC IN S2,,REGAINS,,,,SHOT,,,,,,
MD1 vs Samoa,3594.0898,41.19999999999982,HOME POSSESSION,68,,,P-F3,,,,,,,,,,,,,"PASS INTO S2, PASS INTO S2",,P-M3,,,,"REC IN S2, REC IN S2",,,,,,,,,,,,
MD1 vs Samoa,3635.6738,5.400000000000091,HOME POSSESSION,69,,,,,,,,,,,,,,,,,,,,,,,,REGAINS,,,,,,,,,,
MD1 vs Samoa,3644.5738,17.666899999999714,HOME POSSESSION,70,,,,,,,,,,,,,,,,,,P-M3,,,,REC IN S2,,,,,,,,,,,,
MD1 vs Samoa,3670.9407,26.09999999999991,HOME POSSESSION,71,,,P-F3,,,,,,,,,,,,,PASS INTO S2,,P-M3,,,,REC IN S2,,,,,,SHOT,,,,,,
MD1 vs Samoa,3716.2578,17.800000000000182,HOME POSSESSION,72,,,,,,,,,,,,,,,,,,P-M3,,,,,,REGAINS,,,,,,,,,,
MD1 vs Samoa,3750.7578,23.76773333333358,HOME POSSESSION,73,,,,,,,,,,,,,M3,,,,PASS INTO S3,P-M3,,,,,REC IN S3,,,,,SHOT,,,,,,
MD1 vs Samoa,3791.7255333333333,6.200000000000273,HOME POSSESSION,74,,,,,,,,,,,,,,,,,,P-D3,,,,,,REGAINS,,,,,,,,,,
MD1 vs Samoa,3799.2755333333334,28.067366666666658,HOME POSSESSION,75,,F3,,,,,,,,,,,,,,"PASS INTO S2, PASS INTO S2",,P-M3,,,,"REC IN S2, REC IN S2",,REGAINS,,,,SHOT,,,,,,
MD1 vs Samoa,3866.426833334,12.166733332666354,HOME POSSESSION,76,,F3,P-F3,,,,,,,,,,,,,,,,,,,,,REGAINS,,,,,,,,,,
MD1 vs Samoa,3886.193566666667,22.0,HOME POSSESSION,77,,,,,,,,,,,,,,,,,,P-M3,,,,,,REGAINS,,,,,,,,,,
MD1 vs Samoa,3913.0935666666664,17.40000000000009,HOME POSSESSION,78,,F3,,,,,,,,,,,,,,PASS INTO S2,PASS INTO S3,"P-M3, P-M3",,,,REC IN S2,REC IN S3,REGAINS,,,,,,,,,,
MD1 vs Samoa,3932.693566666667,46.30133333333333,HOME POSSESSION,79,,,,,,,,,,,,,,,,PASS INTO S2,PASS INTO S3,P-M3,,,,REC IN S2,REC IN S3,REGAINS,,,,,,,,,,
MD1 vs Samoa,4003.3786333333333,26.550000000000182,HOME POSSESSION,80,,,P-F3,,,,,,,,,,,,,PASS INTO S2,,P-M3,,,,"REC IN S2, REC IN S2",,REGAINS,,,,SHOT,,,,,,
MD1 vs Samoa,4044.997066666667,17.699999999999818,HOME POSSESSION,81,,F3,,,,,,,,,,,,,,PASS INTO S2,,P-M3,,,,REC IN S2,,REGAINS,,,,,,,,,,
MD1 vs Samoa,4081.2819698937074,6.300000000000182,HOME POSSESSION,82,,,,,,,,,,,,,,,,,,P-M3,,,,,,,,,,,,,,,,
MD1 vs Samoa,4088.7144,45.70056666666642,HOME POSSESSION,83,,F3,P-F3,,,,,,,,,,,,,"PASS INTO S2, PASS INTO S2",PASS INTO S3,P-M3,,,,"REC IN S2, REC IN S2",REC IN S3,REGAINS,,,,SHOT,,,,,,
MD1 vs Samoa,5193.111266666667,11.099999999999454,HOME POSSESSION,84,,,,,,,,,,,,,M3,,,,,P-M3,,,,,,,,,,,,,,,,
MD1 vs Samoa,5214.411266666667,24.5,HOME POSSESSION,85,,F3,,,,,,,,,,,,,,,,P-M3,,,,,,,,,,,,,,,,
MD1 vs Samoa,5244.311266666667,4.5,HOME POSSESSION,86,,,,,,,,,,,,,,,,,,P-M3,,,,,,REGAINS,,,,,,,,,,
MD1 vs Samoa,5248.811266666667,31.350000000000364,HOME POSSESSION,87,,F3,,,,,,,,,,,,,,,,P-M3,,,,,,,,,,,,,,,,
MD1 vs Samoa,5329.1164,15.800000000000182,HOME POSSESSION,88,,F3,,,,,,,,,,,"M3, M3",,,,,P-M3,,,,,,,,,,,,,,,,
MD1 vs Samoa,5348.5164,15.599999999999454,HOME POSSESSION,89,,F3,P-F3,,,,,,,,,,,,,,,P-M3,,,,,,,,,,,,,,,,
MD1 vs Samoa,5364.1164,42.80000000000018,HOME POSSESSION,90,,F3,P-F3,,,,,,,,,,M3,,,,,P-M3,,,,,,,,,,,,,,,,
MD1 vs Samoa,5460.066466666667,35.71889999999985,HOME POSSESSION,91,,F3,,,,,,,,,,,M3,,,,,P-M3,,,,,,,,,,,,,,,,
MD1 vs Samoa,5498.885366666666,46.25,HOME POSSESSION,92,,F3,P-F3,,,,,,,,,,M3,,,,,P-M3,,,,REC IN S2,,,,,,,,,,,,
MD1 vs Samoa,5546.7527,13.266833333333125,HOME POSSESSION,93,,"F3, F3",P-F3,,,,,,,,,,,,,,,P-M3,,,,,,,,,,,,,,,,
MD1 vs Samoa,5584.6195333333335,20.117199999999684,HOME POSSESSION,94,,,,,,,,,,,,,,,,,PASS INTO S3,P-M3,,,,,REC IN S3,REGAINS,,,,,,,,,,
MD1 vs Samoa,5611.636733333334,17.00033333333249,HOME POSSESSION,95,,F3,P-F3,,,,,,,,,,,,,,,,,,,,,,,,,SHOT,,,,,,
MD1 vs Samoa,5693.037066666667,24.649999999999636,HOME POSSESSION,96,,F3,P-F3,,,,,,,,,,,,,,,P-M3,,,,,,"REGAINS, REGAINS",,,,,,,Attacking Transition,,,
MD1 vs Samoa,5719.787066666667,5.667766666666466,HOME POSSESSION,97,,F3,P-F3,,,,,,,,,,,,,,,,,,,,,,,,,SHOT,,,,,,
MD1 vs Samoa,5832.964333333333,10.899999999999636,HOME POSSESSION,98,,,,,,,,,,,,,M3,,,,,P-M3,,,,,,,,,,,,,,,,
MD1 vs Samoa,5848.323545729875,1.6000000000003638,HOME POSSESSION,99,,,,,,,,,,,,,,,,,,P-M3,,,,,,,,,,,,,,,,
MD1 vs Samoa,5851.323545729875,20.0,HOME POSSESSION,100,,F3,,,,,,,,,,,,,,,,P-M3,,,,,,,,,,,,,,,,
MD1 vs Samoa,5878.823545729875,25.199987603457885,HOME POSSESSION,101,,,P-F3,,,,,,,,,,,,,,,P-M3,,,,,,,,,,SHOT,,,,,,
MD1 vs Samoa,5930.223533333334,2.399999999999636,HOME POSSESSION,102,,,,,,,,,,,,,M3,,,,,P-M3,,,,,,,,,,,,,,,,
MD1 vs Samoa,5946.723533333334,9.5,HOME POSSESSION,103,,,,,,,,,,,,,M3,,,,,P-M3,,,,,,,,,,,,,,,,
MD1 vs Samoa,5973.273533333333,4.634866666667222,HOME POSSESSION,104,,,,,,,,,,,,,,,,,,P-M3,,,,,,REGAINS,,,,,,,Attacking Transition,,,
MD1 vs Samoa,5977.7584,18.900000000000546,HOME POSSESSION,105,,,P-F3,,,,,,,,,,M3,,,PASS INTO S2,,P-M3,,,,REC IN S2,,REGAINS,,,,,,,,,,
MD1 vs Samoa,6021.025666666666,23.766700000000128,HOME POSSESSION,106,,F3,P-F3,,,,,,,,,,M3,,,,,P-M3,,,,,,REGAINS,,,,,,,,,,
MD1 vs Samoa,6065.653966666667,12.78916666666646,HOME POSSESSION,107,,,P-F3,,,,,,,,,,M3,,,,PASS INTO S3,P-M3,,,,,REC IN S3,,,,,SHOT,,,,,,
MD1 vs Samoa,6101.7083,19.099999999999454,HOME POSSESSION,108,,,,,,,,,,,,,M3,,,,,P-M3,,,,,,,,,,,,,,,,
MD1 vs Samoa,6123.8083,4.200000000000728,HOME POSSESSION,109,,,,,,,,,,,,,,,,,,,,,,,,,,,,,,,,,,
MD1 vs Samoa,6274.008366666667,15.90423333333274,HOME POSSESSION,110,,,,,,,,,,,,,,,,,,P-M3,,,,,,,,,,,,,,,,
MD1 vs Samoa,6312.1627,71.35123333333377,HOME POSSESSION,111,,"F3, F3",P-F3,,,,,,,,,,,,,PASS INTO S2,PASS INTO S3,P-M3,,,,REC IN S2,REC IN S3,,,,,,,,,,,
MD1 vs Samoa,6394.513933333334,20.0,HOME POSSESSION,112,,,,,,,,,,,,,,,,,,P-D3,,,,,,REGAINS,,,,,,,Attacking Transition,,,
MD1 vs Samoa,6414.513933333334,21.12494732045252,HOME POSSESSION,113,,F3,P-F3,,,,,,,,,,,,,,,P-M3,,,,,,,,,,,,,Attacking Transition,,,
MD1 vs Samoa,6504.173966666666,14.020000000000437,HOME POSSESSION,114,,,,,,,,,,,,,M3,,,,,P-M3,,,,,,,,,,,,,,,,
MD1 vs Samoa,6528.917666667,4.319999999666834,HOME POSSESSION,115,,,,,,,,,,,,,,,,,,P-M3,,,,,,REGAINS,,,,,,,,,,
MD1 vs Samoa,6538.6376666666665,49.27081170918427,HOME POSSESSION,116,,,P-F3,,,,,,,,,,,,,PASS INTO S2,,P-M3,,,,REC IN S2,,REGAINS,,,,SHOT,,,Attacking Transition,,,
MD1 vs Samoa,6614.902133334,6.593333332666589,HOME POSSESSION,117,,,,,,,,,,,,,,,,,,,,,,REC IN S2,,REGAINS,,,,,,,,,,
MD1 vs Samoa,6627.948337040816,16.050829625850383,HOME POSSESSION,118,,,P-F3,,,,,,,,,,M3,,,,,P-M3,,,,"REC IN S2, REC IN S2",,,,,,,,,,,,
MD1 vs Samoa,6655.639166666667,35.760466666666616,HOME POSSESSION,119,,,,,,,,,,,,,M3,,,,PASS INTO S3,P-M3,,,,REC IN S2,REC IN S3,,,,,SHOT,,,,,,
MD1 vs Samoa,6727.8420882072,20.79997845946673,HOME POSSESSION,120,,F3,,,,,,,,,,,,,,,,P-M3,,,,REC IN S2,,,,,,SHOT,,,,,,
MD1 vs Samoa,6782.1394,21.878499999999804,HOME POSSESSION,121,,F3,,,,,,,,,,,,,,,,P-M3,,,,,,,,,,,,,,,,
MD1 vs Samoa,6818.3047,12.360000000000582,HOME POSSESSION,122,,,,,,,,,D3,,,,,,,,,P-D3,,,,,,REGAINS,,,,,,,,,,
MD1 vs Samoa,6857.497144332483,37.69998900085011,HOME POSSESSION,123,,F3,,,,,,,,,,,,,,PASS INTO S2,,P-D3,,,,REC IN S2,,,,,,,,,,,,
MD1 vs Samoa,6937.7943,6.3100000000004,HOME POSSESSION,124,,,P-F3,,,,,,,,,,,,,,PASS INTO S3,P-M3,,,,,REC IN S3,REGAINS,,,,,,,Attacking Transition,,,
MD1 vs Samoa,6950.1043,17.640000000000327,HOME POSSESSION,125,,,,,,,,,,,,,,,,,,P-M3,,,,,,REGAINS,,,,SHOT,,,,,,
MD1 vs Samoa,7143.7944333333335,10.30999999999949,HOME POSSESSION,126,,,,,,,,,,,,,M3,,,,,P-M3,,,,,,,,,,,,,,,,
MD1 vs Samoa,7158.424433333334,4.289999999999964,HOME POSSESSION,127,,,P-F3,,,,,,,,,,,,,,PASS INTO S3,P-M3,,,,,REC IN S3,REGAINS,,,,,,,,,,
MD1 vs Samoa,7185.950733333333,26.44000000000051,HOME POSSESSION,128,,,P-F3,,,,,,,,,,M3,,,,,P-M3,,,,,,,,,,,,,,,,
MD1 vs Samoa,7219.540733333333,0.0,HOME POSSESSION,129,,,P-F3,,,,,,,,,,,,,,,,,,,,,,,,,,,,,,,
MD1 vs Samoa,7394.595933333333,25.2479000000003,HOME POSSESSION,130,,F3,,,,,,,D3,,,,,,,PASS INTO S2,,"P-M3, P-D3",,,,REC IN S2,,,,,,,,,,,,
MD1 vs Samoa,7431.175033333333,10.689300000000003,HOME POSSESSION,131,,,P-F3,,,,,,,,GOAL,,M3,,,,PASS INTO S3,,,,,REC IN S2,REC IN S3,,,,,,,,,,,
MD1 vs Samoa,7506.677566666666,16.34730000000036,HOME POSSESSION,132,,,,,,,,,,,,,M3,,,,,P-M3,,,,,,,,,,,,,,,,
MD1 vs Samoa,7529.864866666667,7.260000000000218,HOME POSSESSION,133,,F3,P-F3,,,,,,,,,,,,,PASS INTO S2,,,,,,"REC IN S2, REC IN S2",,REGAINS,,,,"SHOT, SHOT",,,,,,
MD1 vs Samoa,7556.066533334,29.039999999333304,HOME POSSESSION,134,,F3,,,,,,,,,,,,,,,,P-M3,,,,,,,,,,,,,,,,
MD1 vs Samoa,7619.872016330783,12.292050335883687,HOME POSSESSION,135,,F3,P-F3,,,,,,,,,,M3,,,,,P-M3,,,,,,,,,,,,,,,,
MD1 vs Samoa,7739.402,3.0399999999999636,HOME POSSESSION,136,,,P-F3,,,,,,,,,,M3,,,,,P-M3,,,,,,,,,,,,,,,,
MD1 vs Samoa,7739.402,17.159999999999854,HOME POSSESSION,137,,F3,,,,,,,,,,,,,,,,,,,,,,,,,,,,,,,,
MD1 vs Samoa,7758.5125333333335,19.079999999999927,HOME POSSESSION,138,,,P-F3,,,,,,,,,,,,,PASS INTO S2,,,,,,REC IN S2,,REGAINS,,,,,,,Attacking Transition,,,
MD1 vs Samoa,7790.872933333333,20.88000000000011,HOME POSSESSION,139,,F3,P-F3,,,,,,,,,,,,,,,P-M3,,,,,,REGAINS,,,,,,,Attacking Transition,,,
MD1 vs Samoa,7829.760618298397,18.402315034935782,HOME POSSESSION,140,,,P-F3,,,,,,,,GOAL,,,,,,,,,,,,,,,,,,,,,,,
MD1 vs Samoa,7882.245533333334,21.479999999999563,HOME POSSESSION,141,,,,,,,,,D3,,,,M3,,,,,P-M3,,,,,,REGAINS,,,,,,,,,,
MD1 vs Samoa,7921.694666666666,10.200000000000728,HOME POSSESSION,142,,,,,,,,,,,,,M3,,,,,P-M3,,,,,,REGAINS,,,,,,,,,,
MD1 vs Samoa,7956.120053248299,26.00998008503393,HOME POSSESSION,143,,F3,,,,,,,,,,,M3,,,PASS INTO S2,,P-M3,,,,REC IN S2,,,,,,,,,,,,
MD1 vs Samoa,8029.101966666667,2.8799999999991996,HOME POSSESSION,144,,,P-F3,,,,,,,,,,,,,,,,,,,,,,,,,,,,,,,
MD1 vs Samoa,8043.673033334,15.479999999332904,HOME POSSESSION,145,,,,,,,,,,,,,,,,,,P-M3,,,,REC IN S2,,,,,,,,,,,,
MD1 vs Samoa,8063.593033333334,77.45780000000013,HOME POSSESSION,146,,F3,P-F3,,,,,,,,,,,,,"PASS INTO S2, PASS INTO S2",PASS INTO S3,,,,,"REC IN S2, REC IN S2",REC IN S3,,,,,,,,,,,
MD1 vs Samoa,1149.3867013066892,4.799999964569224,AWAY POSSESSION,1,,,,,,,,,,,,,M3,,,,,,,,,,,,,,,,,,,,,
MD1 vs Samoa,1163.2867012032314,7.499999943310513,AWAY POSSESSION,2,,,,,,,,,D3,,,,,,,,,P-M3,,,,,,,,,,,,,,,,
MD1 vs Samoa,1212.2699,6.499999951814061,AWAY POSSESSION,3,,,,,,,,,,,,,M3,,,,,P-M3,,,,,,,,,,,,,,,,
MD1 vs Samoa,1233.3698998426871,7.799999943310695,AWAY POSSESSION,4,,,,,,,,,,,,,M3,,,,,P-M3,,,,,,,,,,,,,,,,
MD1 vs Samoa,1248.5698997307256,4.299999967403664,AWAY POSSESSION,5,,,,,,,,,,,,,M3,,,,,P-M3,,,,,,,,,,,,,,,,
MD1 vs Samoa,1274.269899537982,2.1999999829931767,AWAY POSSESSION,6,,,,,,,,,,,,,,,,,,P-M3,,,,,,,,,,,,,,,,
MD1 vs Samoa,1278.6698995053855,4.085867130102088,AWAY POSSESSION,7,,,,,,,,,,,,,,,,,,P-M3,,,,,,,,,,,,,,,,
MD1 vs Samoa,1317.255766377551,16.16843360685948,AWAY POSSESSION,8,,,,,,,,,D3,,,,,,,,,P-D3,,,,,,,,,,,,,,,,
MD1 vs Samoa,1342.456599944728,0.6674667222721382,AWAY POSSESSION,9,,,,,,,,,D3,,,,,,,,,P-D3,,,,,,,,,,,,,,,,
MD1 vs Samoa,1395.9757666553287,21.54283332341288,AWAY POSSESSION,10,,,,,,,,,D3,,,,,,,,,P-D3,,,,,,,,,,,,,,,,
MD1 vs Samoa,1420.5185999560658,1.9999999858275714,AWAY POSSESSION,11,,,,,,,,,,,,,,,,,,P-M3,,,,,,,,,,,,,,,,
MD1 vs Samoa,1436.7185998356008,3.4999668253969958,AWAY POSSESSION,12,,,,,,,,,D3,,,,,,,,,P-M3,,,,,,,,,,,,,,,,
MD1 vs Samoa,1461.1185,7.59999994472787,AWAY POSSESSION,13,,,,,,,,,,,,,,,,,,P-M3,,,,,,,,,,,,,,,,
MD1 vs Samoa,1500.8184997052153,2.4999999801589183,AWAY POSSESSION,14,,,P-F3,,,,,,,,,,,,,,,,,,,,,,,,,,,,,,,
MD1 vs Samoa,1506.8184996598638,2.924466994047634,AWAY POSSESSION,15,,,,,,,,,,,,,,,,,,P-D3,,,,,,,,,,,,,,,,
MD1 vs Samoa,1568.4436333333333,11.014016560374102,AWAY POSSESSION,16,,,,,,,,,D3,,,,,,,,,P-D3,,,,,,,,,,,,,,,,
MD1 vs Samoa,1610.2576498937076,1.8999999999998636,AWAY POSSESSION,17,,,,,,,,,,,,,,,,,,P-M3,,,,,,,,,,,,,,,,
MD1 vs Samoa,1640.3576333333333,15.100000000000136,AWAY POSSESSION,18,,,,,,,,,D3,,,,,,,,,P-D3,,,,,,,,,,,,,,,,
MD1 vs Samoa,1659.5076333333334,9.399999999999864,AWAY POSSESSION,19,,,,,,,,,,,,,,,,,,P-D3,,,,,,,,,,,,,,,,
MD1 vs Samoa,1707.2576333333334,7.0,AWAY POSSESSION,20,,,,,,,,,D3,,,,,,,,,P-D3,,,,,,,,,,,,,,,,
MD1 vs Samoa,1741.3576333333333,2.5,AWAY POSSESSION,21,,,,,,,,,,,,,,,,,,P-M3,,,,,,,,,,,,,,,,
MD1 vs Samoa,1763.5076333333334,6.7000000000000455,AWAY POSSESSION,22,,,,,,,,,,,,,,,,,,P-M3,,,,,,,,,,,,,,,,
MD1 vs Samoa,1788.9076333333333,3.5,AWAY POSSESSION,23,,,,,,,,,,,,,,,,,,P-M3,,,,,,,,,,,,,Attacking Transition,,,
MD1 vs Samoa,1800.9076333333333,4.2000000000000455,AWAY POSSESSION,24,,,,,,,,,,,,,M3,,,,,P-M3,,,,,,,,,,,,,Attacking Transition,,,
MD1 vs Samoa,1821.5076333333334,15.25,AWAY POSSESSION,25,,,,,,,,,,,,,,,,,,P-D3,,,,,,,,,,,,,,,,
MD1 vs Samoa,1840.0576333333333,8.799999999999955,AWAY POSSESSION,26,,,,,,,,,,,,,,,,,,P-M3,,,,,,,,,,,,,,,,
MD1 vs Samoa,1878.7076333333334,11.199999999999818,AWAY POSSESSION,27,,,,,,,,,,,,,,,,,,P-D3,,,,,,,,,,,,,,,,
MD1 vs Samoa,2001.0489333333333,7.300000000000182,AWAY POSSESSION,28,,,,,,,,,,,,,M3,,,,,P-D3,,,,,,,,,,,,,,,,
MD1 vs Samoa,2032.2489333333333,4.2000000000000455,AWAY POSSESSION,29,,,,,,,,,,,,,,,,,,P-M3,,,,,,,,,,,,,,,,
MD1 vs Samoa,2043.3489333333334,8.5999999801586,AWAY POSSESSION,30,,,,,,,,,D3,,,,,,,,,P-D3,,,,,,,,,,,,,,,,
MD1 vs Samoa,2233.9394997859977,3.3499668693311833,AWAY POSSESSION,31,,,,,,,,,,,,,,,,,,P-M3,,,,,,,,,,,,,,,,
MD1 vs Samoa,2253.4894665688776,10.799966757369475,AWAY POSSESSION,32,,,,,,,,,,,,,,,,,,P-D3,,,,,,,,,,,,,,,,
MD1 vs Samoa,2285.3326333333334,6.399999965986353,AWAY POSSESSION,33,,,,,,,,,D3,,,,,,,,,P-M3,,,,,,,,,,,,,,,,
MD1 vs Samoa,2291.9326332993196,1.999999988662239,AWAY POSSESSION,34,,,,,,,,,,,,,,,,,,P-M3,,,,,,,,,,,,,,,,
MD1 vs Samoa,2313.4326331845236,1.3999999914967702,AWAY POSSESSION,35,,,,,,,,,,,,,,,,,,P-D3,,,,,,,,,,,,,,,,
MD1 vs Samoa,2328.3711999929137,4.899999973072681,AWAY POSSESSION,36,,,,,,,,,D3,,,,,,,,,P-M3,,,,,,,,,,,,,,,,
MD1 vs Samoa,2352.471733282313,14.299999923469386,AWAY POSSESSION,37,,,,,,,,,D3,,,,,,,,,P-D3,,,,,,,,,,,,,,,,
MD1 vs Samoa,2371.3717331816893,13.099999929138448,AWAY POSSESSION,38,,,,,,,,,,,,,,,,,,P-D3,,,,,,,,,,,,,,,,
MD1 vs Samoa,2435.872133330499,5.699999970237968,AWAY POSSESSION,39,,,,,,,,,D3,,,,,,,,PASS INTO S3,P-D3,,,,,,,,,,,,,,,,
MD1 vs Samoa,2456.572099931973,1.5999667346936803,AWAY POSSESSION,40,,,,,,,,,D3,,,,,,,,,P-M3,,,,,,,,,,,,,,,,
MD1 vs Samoa,2464.572066631236,4.649966695011244,AWAY POSSESSION,41,,,,,,,,,D3,,,,,,,,,P-D3,,,,,,,,,,,,,,,,
MD1 vs Samoa,2502.693866631236,5.099999973072499,AWAY POSSESSION,42,,,,,,,,,D3,,,,,,,,,,,,,,,,,,,,,,,,,
MD1 vs Samoa,2527.357599988662,9.09999995181397,AWAY POSSESSION,43,,,,,,,,,,,,,,,,,,P-D3,,,,,,,,,,,,,,,,
MD1 vs Samoa,2545.024599977324,1.1499666751701625,AWAY POSSESSION,44,,,,,,,,,,,,,,,,,,,,,,,,,,,,,,,,,,
MD1 vs Samoa,2574.873999998583,9.617833335417345,AWAY POSSESSION,45,,,,,,,,,D3,,,,,,,,,P-D3,,,,,,,,,,,,,,,,
MD1 vs Samoa,2616.691766666667,12.19999993622423,AWAY POSSESSION,46,,,,,,,,,D3,,,,,,,,,P-D3,,,,,,,,,,,,,,,,
MD1 vs Samoa,2676.028788251134,4.299978404194917,AWAY POSSESSION,47,,,,,,,,,D3,,,,,,,,,P-D3,,,,,,,,,,,,,,,,
MD1 vs Samoa,2735.89570082483,4.3999999759071216,AWAY POSSESSION,48,,,,,,,,,D3,,,,,,,,,P-M3,,,,,,,,,,,,,,,,
MD1 vs Samoa,2817.378399971655,6.699999963152095,AWAY POSSESSION,49,,,,,,,,,,,,,,,,,,P-M3,,,,,,,,,,,,,Attacking Transition,,,
MD1 vs Samoa,2871.628366666667,6.299999967403437,AWAY POSSESSION,50,,,,,,,,,D3,,,,,,,,,P-D3,,,,,,,,,,,,,,,,
MD1 vs Samoa,2900.985005286281,1.9499947080498714,AWAY POSSESSION,51,,,,,,,,,,,,,,,,,,P-D3,,,,,,,,,,,,,,,,
MD1 vs Samoa,2916.534999922052,12.349966744614449,AWAY POSSESSION,52,,,,,,,,,D3,,,,,,,,,,,,,,,,,,,,,,,,,
MD1 vs Samoa,3170.8174,9.200000000000273,AWAY POSSESSION,53,,,,,,,,,D3,,,,,,,,,P-D3,,,,,,,,,,,,,,,,
MD1 vs Samoa,3187.0174,6.899999999999636,AWAY POSSESSION,54,,,,,,,,,,,,,,,,,,P-M3,,,,,,,,,,,,,,,,
MD1 vs Samoa,3284.551266666667,12.217766666666648,AWAY POSSESSION,55,,,,,,,,,D3,,,,,,,,,P-M3,,,,,,,,,,,,,,,,
MD1 vs Samoa,3359.6198666666664,10.400000000000091,AWAY POSSESSION,56,,,,,,,,,D3,,,,,,,,,P-M3,,,,,,,,,,,,,,,,
MD1 vs Samoa,3385.8950451048754,4.799999999999727,AWAY POSSESSION,57,,,,,,,,,,,,,,,,,,P-M3,,,,,,,,,,,,,,,,
MD1 vs Samoa,3460.095045104875,6.5,AWAY POSSESSION,58,,,,,,,,,,,,,M3,,,,,P-M3,,,,,,,,,,,,,,,,
MD1 vs Samoa,3470.195045104875,8.64998822845837,AWAY POSSESSION,59,,,,,,,,,,,,,M3,,,,,P-M3,,,,,,REGAINS,,,,,,,,,,
MD1 vs Samoa,3513.171966666667,1.866899999999987,AWAY POSSESSION,60,,,P-F3,,,,,,,,,,,,,,,,,,,,,,,,,,,,,,,
MD1 vs Samoa,3551.5888666666665,8.0,AWAY POSSESSION,61,,,,,,,,,D3,,,,,,,,,P-D3,,,,,,,,,,,,,,,,
MD1 vs Samoa,3574.0888666666665,3.200000000000273,AWAY POSSESSION,62,,,,,,,,,D3,,,,,,,,,P-M3,,,,,,,,,,,,,,,,
MD1 vs Samoa,3582.5396666666666,1.9501333333332695,AWAY POSSESSION,63,,,,,,,,,,,,,,,,,,,,,,,,,,,,,,,,,,
MD1 vs Samoa,3635.2898,0.38400000000001455,AWAY POSSESSION,64,,,,,,,,,,,,,,,,,,P-D3,,,,,,,,,,,,,,,,
MD1 vs Samoa,3641.0738,3.5,AWAY POSSESSION,65,,,,,,,,,,,,,,,,,,P-M3,,,,,,,,,,,,,,,,
MD1 vs Samoa,3662.2407,3.400000000000091,AWAY POSSESSION,66,,,,,,,,,,,,,,,,,,,,,,,,,,,,,,,,,,
MD1 vs Samoa,3699.9407,16.317099999999755,AWAY POSSESSION,67,,,,,,,,,D3,,,,,,,,,P-D3,,,,,,,,,,,,,,,,
MD1 vs Samoa,3742.5578,7.699999999999818,AWAY POSSESSION,68,,,,,,,,,,,,,M3,,,,,P-M3,,,,,,,,,,,,,,,,
MD1 vs Samoa,3778.1255333333334,13.599999999999909,AWAY POSSESSION,69,,,,,,,,,D3,,,,,,,,,P-D3,,,,,,,,,,,,,,,,
MD1 vs Samoa,3797.9255333333335,1.349999999999909,AWAY POSSESSION,70,,,,,,,,,,,,,M3,,,,,P-M3,,,,,,,,,,,,,,,,
MD1 vs Samoa,3841.1903,25.236533333999887,AWAY POSSESSION,71,,,,,,,,,D3,,,,,,,,,P-D3,,,,,,,,,,,,,,,,
MD1 vs Samoa,3878.5935666666664,7.600000000000364,AWAY POSSESSION,72,,,,,,,,,D3,,,,,,,,,P-D3,,,,,,,,,,,,,,,,
MD1 vs Samoa,3908.193566666667,4.899999999999636,AWAY POSSESSION,73,,,,,,,,,,,,,,,,,,P-M3,,,,,,,,,,,,,,,,
MD1 vs Samoa,3930.4935666666665,2.200000000000273,AWAY POSSESSION,74,,,,,,,,,,,,,,,,,,P-M3,,,,,,,,,,,,,,,,
MD1 vs Samoa,4000.6786333333334,2.699999999999818,AWAY POSSESSION,75,,,,,,,,,D3,,,,,,,,,P-M3,,,,,,,,,,,,,,,,
MD1 vs Samoa,4040.897066666667,4.099999999999909,AWAY POSSESSION,76,,,,,,,,,D3,,,,,,,,,P-D3,,,,,,,,,,,,,,,,
MD1 vs Samoa,4075.5819698937075,5.699999999999818,AWAY POSSESSION,77,,,P-F3,,,,,,D3,,,,,,,,,,,,,,,,,,,,,,,,,
MD1 vs Samoa,4087.5819698937075,1.1324301062923041,AWAY POSSESSION,78,,,,,,,,,,,,,,,,,,,,,,,,,,,,,,,,,,
MD1 vs Samoa,5238.911266666667,5.399999999999636,AWAY POSSESSION,79,,,,,,,,,D3,,,,,,,,,P-D3,,,,,,,,,,,,,,,,
MD1 vs Samoa,5446.566466666667,4.899999999999636,AWAY POSSESSION,80,,,,,,,,,D3,,,,,,,,,P-M3,,,,,,,,,,,,,,,,
MD1 vs Samoa,5495.785366666667,3.0999999999994543,AWAY POSSESSION,81,,,,,,,,,D3,,,,,,,,,P-M3,,,,,,,,,,,,,,,,
MD1 vs Samoa,5560.019533333333,24.600000000000364,AWAY POSSESSION,82,,,,,,,,,"D3, D3",,,,M3,,,,,P-D3,,,,,,,,,,,,,,,,
MD1 vs Samoa,5646.637066666666,12.200000000000728,AWAY POSSESSION,83,,,,,,,,,D3,,,,,,,,,P-D3,,,,,,,,,,,,,,,,
MD1 vs Samoa,5670.237066666667,6.0,AWAY POSSESSION,84,,,,,,,,,,,,,M3,,,,,P-M3,,,,,,,,,,,,,,,,
MD1 vs Samoa,5687.437066666666,5.600000000000364,AWAY POSSESSION,85,,,,,,,,,,,,,M3,,,,,P-M3,,,,,,,,,,,,,,,,
MD1 vs Samoa,5725.454833333333,9.800000000000182,AWAY POSSESSION,86,,,,,,,,,D3,,,,,,,,,P-D3,,,,,,,,,,,,,,,,
MD1 vs Samoa,5817.364333333333,15.600000000000364,AWAY POSSESSION,87,,,,,,,,,D3,,,,,,,,,P-D3,,,,,,,,,,,,,,,,
MD1 vs Samoa,5871.323545729875,7.5,AWAY POSSESSION,88,,,,,,,,,,,,,,,,,,"P-D3, P-M3",,,,,,,,,,,,,,,,
MD1 vs Samoa,5904.023533333333,26.200000000000728,AWAY POSSESSION,89,,,,,,,,,D3,,,,M3,,,,,"P-D3, P-M3",,,,,,,,,,,,,,,,
MD1 vs Samoa,5932.623533333333,8.5,AWAY POSSESSION,90,,,,,,,,,,,,,M3,,,,,P-M3,,,,,,,,,,,,,,,,
MD1 vs Samoa,5971.323533333333,1.949999999999818,AWAY POSSESSION,91,,,,,,,,,,,,,M3,,,,,P-M3,,,,,,,,,,,,,,,,
MD1 vs Samoa,5977.7584,0.1500000000005457,AWAY POSSESSION,92,,,,,,,,,,,,,,,,,,P-M3,,,,,,,,,,,,,,,,
MD1 vs Samoa,5996.6584,24.367266666666183,AWAY POSSESSION,93,,,,,,,,,D3,,,,,,,,,P-D3,,,,,,,,,,,,,,,,
MD1 vs Samoa,6056.253966666667,9.399999999999636,AWAY POSSESSION,94,,,,,,,,,D3,,,,,,,,,P-D3,,,,,,,,,,,,,,,,
MD1 vs Samoa,6089.7083,9.699999999999818,AWAY POSSESSION,95,,,,,,,,,D3,,,,,,,,,P-D3,,,,,,,,,,,,,,,,
MD1 vs Samoa,6303.3627,5.100000000000364,AWAY POSSESSION,96,,,,,,,,,D3,,,,,,,,,P-D3,,,,,,,,,,,,,,,,
MD1 vs Samoa,6384.313933333333,10.200000000000728,AWAY POSSESSION,97,,,,,,,,,,,,,M3,,,,,P-M3,,,,,,,,,,,,,,,,
MD1 vs Samoa,6484.209518602608,14.519999999999527,AWAY POSSESSION,98,,,,,,,,,D3,,,,,,,,,P-D3,,,,,,,,,,,,,,,,
MD1 vs Samoa,6518.193966666667,10.723700000333338,AWAY POSSESSION,99,,,,,,,,,D3,,,,,,,,,P-D3,,,,,,,,,,,,,,,,
MD1 vs Samoa,6533.237666666667,5.399999999999636,AWAY POSSESSION,100,,,,,,,,,,,,,M3,,,,,P-M3,,,,,,,,,,,,,Attacking Transition,,,
MD1 vs Samoa,6613.648566666667,1.2535666673329615,AWAY POSSESSION,101,,,,,,,,,D3,,,,,,,,,P-M3,,,,,,,,,,,,,,,,
MD1 vs Samoa,6643.9991666666665,6.720000000000255,AWAY POSSESSION,102,,,,,,,,,D3,,,,,,,,,P-M3,,,,,,,,,,,,,,,,
MD1 vs Samoa,6714.289633333334,6.239999999999782,AWAY POSSESSION,103,,,,,,,,,D3,,,,,,,,,P-D3,,,,,,,,,,,,,,,,
MD1 vs Samoa,6763.7794,6.839999999999236,AWAY POSSESSION,104,,,,,,,,,D3,,,,,,,,,P-D3,,,,,,,,,,,,,,,,
MD1 vs Samoa,6770.9794,11.159999999999854,AWAY POSSESSION,105,,,,,,,,,D3,,,,,,,,,P-D3,,,,,,,,,,,,,,,,
MD1 vs Samoa,6812.7847,5.519999999999527,AWAY POSSESSION,106,,,,,,,,,D3,,,,,,,,,P-M3,,,,,,,,,,,,,,,,
MD1 vs Samoa,6922.381800331633,15.412499668366763,AWAY POSSESSION,107,,,,,,,,,D3,,,,,,,,,P-D3,,,,,,,,,,,,,,,,
MD1 vs Samoa,6944.1043,6.0,AWAY POSSESSION,108,,,,,,,,,D3,,,,,,,,,P-M3,,,,,,,,,,,,,,,,
MD1 vs Samoa,7154.104433333333,4.3200000000006185,AWAY POSSESSION,109,,,,,,,,,,,,,,,,,,P-M3,,,,,,,,,,,,,Attacking Transition,,,
MD1 vs Samoa,7162.714433333334,5.399999999999636,AWAY POSSESSION,110,,,,,,,,,D3,,,,,,,,,P-D3,,,,,,,,,,,,,,,,
MD1 vs Samoa,7176.110733333333,9.840000000000146,AWAY POSSESSION,111,,,,,,,,,D3,,,,,,,,,P-M3,,,,,,,,,,,,,,,,
MD1 vs Samoa,7371.175933333333,13.079999999999927,AWAY POSSESSION,112,,,,,,,,,,,,,M3,,,,,"P-M3, P-D3",,,,,,,,,,,,,,,,
MD1 vs Samoa,7419.843833333333,4.4399999999996,AWAY POSSESSION,113,,,P-F3,,,,,,,,,,,,,,,P-M3,,,,,,,,,,,,,,,,
MD1 vs Samoa,7476.317566666667,26.399999999999636,AWAY POSSESSION,114,,,,,,,,,D3,,,,M3,,,,,P-M3,,,,,,,,,,,,,,,,
MD1 vs Samoa,7523.024866666667,6.8400000000001455,AWAY POSSESSION,115,,,,,,,,,,,,,,,,,,P-M3,,,,,,,,,,,,,,,,
MD1 vs Samoa,7537.124866666667,6.719999999999345,AWAY POSSESSION,116,,,,,,,,,,,,,,,,,,P-M3,,,,,,,,,,,,,Attacking Transition,,,
MD1 vs Samoa,7611.472016330782,8.400000000000546,AWAY POSSESSION,117,,,,,,,,,,,,,,,,,,P-D3,,,,,,,,,,,,,,,,
MD1 vs Samoa,7632.164066666666,4.5600000000004,AWAY POSSESSION,118,,,,,,,,,,,,,,,,,,P-M3,,,,,,,,,,,,,,,,
MD1 vs Samoa,7756.562,1.9505333333336239,AWAY POSSESSION,119,,,,,,,,,,,,,,,,,,P-M3,,,,,,,,,,,,,,,,
MD1 vs Samoa,7787.032933333333,3.8400000000001455,AWAY POSSESSION,120,,,,,,,,,D3,,,,,,,,,P-D3,,,,,,,,,,,,,,,,
MD1 vs Samoa,7874.205533333334,8.039999999999964,AWAY POSSESSION,121,,,,,,,,,,,,,M3,,,,,P-M3,,,,,,,,,,,,,,,,
MD1 vs Samoa,7911.525533333333,10.169133333332866,AWAY POSSESSION,122,,,,,,,,,D3,,,,,,,,,P-M3,,,,,,,,,,,,,,,,
MD1 vs Samoa,1540.6429664243196,11.299900189909295,HOME SET PIECE,1,,,,,,,,,,,,,,,,,,,,,,,,,,,,SHOT,,,,,,
MD1 vs Samoa,1947.9306666666666,60.418266666666796,HOME SET PIECE,2,,,,,,,,,,,GOAL,,,,,,,,,,,,,,,,,SHOT,,,,,,
MD1 vs Samoa,3257.4512666666665,20.600000000000364,HOME SET PIECE,3,,,,,,,,,,,,,,,,,,,,,,,,,,,,,,,,,,
MD1 vs Samoa,5300.261266666666,28.85513333333347,HOME SET PIECE,4,,,,,,,,,,,,,,,,,,,,,,,,,,,,,,,,,,
MD1 vs Samoa,6589.58847837585,4.546521624150046,HOME SET PIECE,5,,,,,,,,,,,,,,,,,,,,,,,,,,,,"SHOT, SHOT",,,,,,
MD1 vs Samoa,7219.540733333333,17.159999999999854,HOME SET PIECE,6,,F3,,,,,,,,,,,,,,,,,,,,,,,,,,,,,,,,
MD1 vs Samoa,7251.3885275821995,11.760000000000218,HOME SET PIECE,7,,,,,,,,,,,,,,,,,,,,,,,,,,,,,,,,,,
MD1 vs Samoa,7294.8485,5.733966666666674,HOME SET PIECE,8,,,,,,,,,,,,,,,,,,,,,,,,,,,,SHOT,,,,,,
MD1 vs Samoa,7318.196033333334,56.459899999999834,HOME SET PIECE,9,,,,,,,,,,,GOAL,,,,,,,,,,,,,,,,,,,,,,,
MD1 vs Samoa,7611.472016330782,8.400000000000546,HOME SET PIECE,10,,,,,,,,,,,,,,,,,,,,,,,,,,,,,,,,,,
MD1 vs Samoa,7825.842933333333,12.840000000000146,HOME SET PIECE,11,,,,,,,,,,,,,,,,,,,,,,,,,,,,,,,,,,
MD1 vs Samoa,7836.957491464101,19.395035316381836,HOME SET PIECE,12,,,,,,,,,,,"GOAL, GOAL",,,,,,,,,,,,,,,,,,,,,,,
MD1 vs Samoa,7992.44275279195,24.720000000000255,HOME SET PIECE,13,,,,,,,,,,,,,,,,,,,,,,,,,,,,,,,,,,
MD1 vs Samoa,8029.101966666667,14.57106666733307,HOME SET PIECE,14,,,,,,,,,,,,,,,,,,,,,,,,,,,,,,,,,,
MD1 vs Samoa,8155.620833333333,22.78224733418392,HOME SET PIECE,15,,,,,,,,,,,,,,,,,,,,,,,,,,,,,,,,,,
MD1 vs Samoa,8266.904133333333,5.790312582945262,HOME SET PIECE,16,,,,,,,,,,,GOAL,,,,,,,,,,,,,,,,,SHOT,,,,,,