Timeline,Start time,Duration,Row,Instance number,BUILD UP PROGRESSION,POSSESSION,POSSESSION END,SEAM THREE,SEAM TWO,Transition,Ungrouped,Notes,Flags
FF vs AMS,139.13,3.0,KICK OFF,1,,,,,,,,,
FF vs AMS,3206.88292,3.0,KICK OFF,2,,,,,,,,,
FF vs AMS,137.63,10.920000000000016,AWAY POSSESSION,1,,P-M3,,,,,,,
FF vs AMS,276.1099999872449,18.959999991496602,AWAY POSSESSION,2,,P-D3,,,,,,,
FF vs AMS,308.509999975907,11.160000000000025,AWAY POSSESSION,3,,P-D3,,,,,,,
FF vs AMS,339.589999975907,21.360000000000014,AWAY POSSESSION,4,,P-M3,,,,,,,
FF vs AMS,388.42999997590704,6.9599999999999795,AWAY POSSESSION,5,,P-D3,,,,,,,
FF vs AMS,413.509999975907,8.400000000000034,AWAY POSSESSION,6,,P-D3,,,,,,,
FF vs AMS,461.509999975907,5.519999999999982,AWAY POSSESSION,7,,P-D3,,,,,,,
FF vs AMS,495.22999997590705,9.0,AWAY POSSESSION,8,,P-M3,,,,Attacking Transition,,,
FF vs AMS,568.0699999447279,7.079999998582707,AWAY POSSESSION,9,,P-D3,,,,,,,
FF vs AMS,625.1899999135487,6.3599999985827935,AWAY POSSESSION,10,,P-D3,,,,,,,
FF vs AMS,650.7499999007937,6.119999998582784,AWAY POSSESSION,11,,P-M3,,,,,,,
FF vs AMS,663.56,6.119999997165564,AWAY POSSESSION,12,,P-M3,,,,,,,
FF vs AMS,675.4399999929138,10.199999995748271,AWAY POSSESSION,13,,P-M3,,,,Attacking Transition,,,
FF vs AMS,702.3199999787415,16.799999992913854,AWAY POSSESSION,14,,P-D3,,,,,,,
FF vs AMS,719.3599999688208,4.560000000000059,AWAY POSSESSION,15,,,,,,,,,
FF vs AMS,733.6399999617347,5.399999998582757,AWAY POSSESSION,16,,P-M3,,,,,,,
FF vs AMS,754.1599999503968,20.75999999149667,AWAY POSSESSION,17,,P-D3,,,,,,,
FF vs AMS,816.9199999390589,34.08000000000004,AWAY POSSESSION,18,,P-D3,,,SEAM TWO ENTRY,,,,
FF vs AMS,864.5599999390589,12.480000000000018,AWAY POSSESSION,19,,P-M3,,,,Attacking Transition,,,
FF vs AMS,899.959999939059,35.15999999999997,AWAY POSSESSION,20,,P-M3,,,SEAM TWO ENTRY,,,,
FF vs AMS,947.239999939059,14.879999999999995,AWAY POSSESSION,21,,"P-D3, P-M3",,,,,,,
FF vs AMS,1039.0399998157595,3.9299601714853907,AWAY POSSESSION,22,,,,,,,,,
FF vs AMS,1045.2499599503967,8.279999964569242,AWAY POSSESSION,23,,P-D3,,,,,,,
FF vs AMS,1200.3524399971654,22.31999987103177,AWAY POSSESSION,24,,P-D3,,,,,,,
FF vs AMS,1238.1524397406463,19.43999989229019,AWAY POSSESSION,25,,P-D3,,,,,,,
FF vs AMS,1276.552439484127,15.59999991780046,AWAY POSSESSION,26,,P-M3,,,,,,,
FF vs AMS,1315.672439223356,12.35999993905898,AWAY POSSESSION,27,,P-M3,,,,,,,
FF vs AMS,1337.9924390745464,15.59999991496602,AWAY POSSESSION,28,,"P-D3, P-M3",,,,Attacking Transition,,,
FF vs AMS,1461.712438245465,11.279999946145153,AWAY POSSESSION,29,,P-M3,,,,Attacking Transition,,,
FF vs AMS,1496.8724380102042,10.079999954648429,AWAY POSSESSION,30,,P-M3,,,,,,,
FF vs AMS,1528.0724378018708,21.5999998752834,AWAY POSSESSION,31,,P-M3,,,,,,,
FF vs AMS,1657.179999975907,20.639999975906903,AWAY POSSESSION,32,,P-D3,,,,,,,
FF vs AMS,1686.8199999376418,12.719999987244819,AWAY POSSESSION,33,,P-M3,,,,Attacking Transition,,,
FF vs AMS,1714.5399999007936,6.839999994331038,AWAY POSSESSION,34,,P-M3,,,,Attacking Transition,,,
FF vs AMS,1741.8999998653628,18.2399999801587,AWAY POSSESSION,35,,P-D3,,,SEAM TWO ENTRY,,,,
FF vs AMS,1777.5399998185942,13.799999984410306,AWAY POSSESSION,36,,P-M3,,,,,,,
FF vs AMS,1848.6999999461452,42.35999994614508,AWAY POSSESSION,37,,"P-M3, P-D3",,,SEAM TWO ENTRY,,,,
FF vs AMS,1890.0999998894558,27.59999996882084,AWAY POSSESSION,38,,"P-D3, P-M3",,,,,,,
FF vs AMS,1930.2999998398527,5.999999992913672,AWAY POSSESSION,39,,P-D3,,,,,,,
FF vs AMS,2208.776639713719,9.35999996598639,AWAY POSSESSION,40,,P-D3,,,,,,,
FF vs AMS,2220.4166396513606,4.9199999900793046,AWAY POSSESSION,41,,P-M3,,,,,,,
FF vs AMS,2247.8966395053853,17.759999920634982,AWAY POSSESSION,42,,P-D3,,,SEAM TWO ENTRY,,,,
FF vs AMS,2291.359999914966,15.119999936224303,AWAY POSSESSION,43,,P-D3,,,,,,,
FF vs AMS,2403.1999993168934,3.719999995748367,AWAY POSSESSION,44,,,,,,,,,
FF vs AMS,2426.359999992914,2.5599999999999454,AWAY POSSESSION,45,,P-D3,,,,,,,
FF vs AMS,2431.0799999971655,15.946700473356032,AWAY POSSESSION,46,,P-D3,,,,,,,
FF vs AMS,2446.3067004591835,21.5999998993766,AWAY POSSESSION,47,,P-M3,,,,,,,
FF vs AMS,2468.266700341553,22.933299635771164,AWAY POSSESSION,48,P-F3,P-M3,SHOT,,,,,,
FF vs AMS,2514.359999838435,7.559999974489983,AWAY POSSESSION,49,,P-D3,,,,,,,
FF vs AMS,2524.0799997859976,8.639999970238023,AWAY POSSESSION,50,,P-D3,,,,,,,
FF vs AMS,2539.199919957483,6.839999980158609,AWAY POSSESSION,51,,P-D3,,,,,,,
FF vs AMS,2565.7199198157596,15.239999934807201,AWAY POSSESSION,52,,P-D3,,,,,,,
FF vs AMS,2771.363639995748,14.196039990079498,AWAY POSSESSION,53,,P-M3,,,,,,,
FF vs AMS,2790.3596799447278,10.079999961734757,AWAY POSSESSION,54,P-F3,,,,,,,,
FF vs AMS,2971.39596,16.439999927721146,AWAY POSSESSION,55,,P-D3,,,,,,,
FF vs AMS,3009.795959793084,15.239999934807201,AWAY POSSESSION,56,,P-D3,,,,,,,
FF vs AMS,3028.2759596952947,14.99999993480742,AWAY POSSESSION,57,,P-M3,,,,,,,
FF vs AMS,3056.7159595422336,11.399999956065585,AWAY POSSESSION,58,,P-M3,,,,,,,
FF vs AMS,3079.875959418934,7.559999975906976,AWAY POSSESSION,59,,P-D3,,,,,,,
FF vs AMS,3155.92,16.559999999999945,AWAY POSSESSION,60,,P-D3,,,,,,,
FF vs AMS,3262.98292,8.400000000000091,AWAY POSSESSION,61,,P-M3,,,,,,,
FF vs AMS,3283.82,8.879999999999654,AWAY POSSESSION,62,,P-M3,,,,,,,
FF vs AMS,3295.82,7.799999999999727,AWAY POSSESSION,63,,P-D3,,,,,,,
FF vs AMS,3310.1,5.760000000000218,AWAY POSSESSION,64,,P-M3,,,,,,,
FF vs AMS,3314.66,6.5,AWAY POSSESSION,65,,P-M3,,,,Attacking Transition,,,
FF vs AMS,3357.35456,8.759999999999764,AWAY POSSESSION,66,,P-M3,,,,Attacking Transition,,,
FF vs AMS,3365.51456,32.88000000000011,AWAY POSSESSION,67,,"P-D3, P-M3",,SEAM THREE ENTRY,,,,,
FF vs AMS,3437.32456,14.995440000000144,AWAY POSSESSION,68,,P-D3,,,,,,,
FF vs AMS,3452.72,14.390000000000327,AWAY POSSESSION,69,,P-D3,,,,,,,
FF vs AMS,3466.15,5.400000000000091,AWAY POSSESSION,70,,P-D3,,,,,,,
FF vs AMS,3481.39,17.640000000000327,AWAY POSSESSION,71,,"P-D3, P-M3",,,,Attacking Transition,,,
FF vs AMS,3586.13,11.039999999999964,AWAY POSSESSION,72,,P-M3,,,,,,,
FF vs AMS,3608.66,5.2800000000002,AWAY POSSESSION,73,P-F3,P-M3,,,,,,,
FF vs AMS,3614.54,25.09999999999991,AWAY POSSESSION,74,,P-M3,,,SEAM TWO ENTRY,,,,
FF vs AMS,3682.66088,15.42102662556681,AWAY POSSESSION,75,,P-D3,,,,,,,
FF vs AMS,3711.64188,23.36812000000009,AWAY POSSESSION,76,,P-D3,,,,,,,
FF vs AMS,3738.84,14.61999999999989,AWAY POSSESSION,77,,P-M3,,,,,,,
FF vs AMS,3791.43,12.390000000000327,AWAY POSSESSION,78,,P-M3,,,,,,,
FF vs AMS,3839.23,7.679999999999836,AWAY POSSESSION,79,,P-D3,,,,,,,
FF vs AMS,3854.47,7.800000000000182,AWAY POSSESSION,80,,P-M3,,,,,,,
FF vs AMS,3863.47,6.480000000000018,AWAY POSSESSION,81,,P-M3,,,,,,,
FF vs AMS,3885.91,18.360000000000127,AWAY POSSESSION,82,,P-D3,,,,,,,
FF vs AMS,3932.8616,11.399999999999636,AWAY POSSESSION,83,,P-M3,,,,,,,
FF vs AMS,3962.88,16.074854207766293,AWAY POSSESSION,84,,P-M3,,,,,,,
FF vs AMS,3982.49484,7.559999999999945,AWAY POSSESSION,85,,P-M3,,,,,,,
FF vs AMS,4007.45484,4.680000000000291,AWAY POSSESSION,86,,P-D3,,,,,,,
FF vs AMS,4032.07,9.179999999999836,AWAY POSSESSION,87,,P-D3,,,,,,,
FF vs AMS,4089.59076,13.919999958900007,AWAY POSSESSION,88,,P-D3,,,,,,,
FF vs AMS,4117.199719982993,16.80027994331067,AWAY POSSESSION,89,,P-M3,,,,,,,
FF vs AMS,4147.669759988662,12.59999994897953,AWAY POSSESSION,90,,P-M3,,,,,,,
FF vs AMS,4350.98928,11.759999953231272,AWAY POSSESSION,91,,P-D3,,,,,,,
FF vs AMS,4362.869279936224,11.569860671768765,AWAY POSSESSION,92,,P-D3,,,,,,,
FF vs AMS,4376.359140582483,7.199999977324296,AWAY POSSESSION,93,,P-M3,,,,,,,
FF vs AMS,4403.479140436508,5.279999988661984,AWAY POSSESSION,94,,P-D3,,,,,,,
FF vs AMS,4441.759140232426,4.319999992913836,AWAY POSSESSION,95,,,,,,,,,
FF vs AMS,4467.290399995748,6.119999982993249,AWAY POSSESSION,96,,P-D3,,,,,,,
FF vs AMS,4508.930399771825,0.4996002281750407,AWAY POSSESSION,97,,P-D3,,,,,,,
FF vs AMS,4526.0399198951245,8.039999973072554,AWAY POSSESSION,98,,P-M3,,,,,,,
FF vs AMS,4559.999919713719,5.1599999886620935,AWAY POSSESSION,99,,P-D3,,,,,,,
FF vs AMS,4606.5897199744895,14.519999937641842,AWAY POSSESSION,100,,,,,,,,,
FF vs AMS,4725.079999980158,13.439999943310795,AWAY POSSESSION,101,P-F3,P-M3,,,,,,,
FF vs AMS,4794.180279844104,14.879999936224522,AWAY POSSESSION,102,,P-D3,,,,,,,
FF vs AMS,4810.380279757653,9.959999961734866,AWAY POSSESSION,103,,P-M3,,,,Attacking Transition,,,
FF vs AMS,4894.54975998441,11.999999951814061,AWAY POSSESSION,104,,P-D3,,,,,,,
FF vs AMS,4907.0297599178,8.639999970238023,AWAY POSSESSION,105,,P-D3,,,,,,,
FF vs AMS,4934.989759767574,3.4799999985825707,AWAY POSSESSION,106,,,,,,,,,
FF vs AMS,4956.5897596527775,3.599999997165469,AWAY POSSESSION,107,,,,,,,,,
FF vs AMS,4981.78975951814,4.799999990079414,AWAY POSSESSION,108,,,,,,,,,
FF vs AMS,5150.519839963152,14.07272002267564,AWAY POSSESSION,109,,P-D3,,,,,,,
FF vs AMS,5202.439719997165,12.361563241212934,AWAY POSSESSION,110,,P-D3,,,,,,,
FF vs AMS,5234.9395999617345,17.879999920634873,AWAY POSSESSION,111,,P-D3,,,SEAM TWO ENTRY,,,,
FF vs AMS,5258.031159987245,9.239999967403492,AWAY POSSESSION,112,,P-M3,,,,,,,
FF vs AMS,5278.339639980159,11.159999957482796,AWAY POSSESSION,113,P-F3,P-M3,,,,,"CROSSES, Cross Unsuccessful",,
FF vs AMS,5323.099639740646,4.799999991496406,AWAY POSSESSION,114,,,,,,,,,
FF vs AMS,5328.259639713719,10.439999960317436,AWAY POSSESSION,115,,"P-M3, P-D3",,,,,,,
FF vs AMS,5341.339639642857,7.679999975906867,AWAY POSSESSION,116,,P-M3,,,,Attacking Transition,,,
FF vs AMS,5391.45008286848,8.879999967403819,AWAY POSSESSION,117,,P-D3,,,SEAM TWO ENTRY,,,,
FF vs AMS,5418.5700827225055,12.359999950396741,AWAY POSSESSION,118,,"P-D3, P-M3",,,,,,,
FF vs AMS,5475.081119994331,7.439999977324078,AWAY POSSESSION,119,,P-D3,,,,,,,
FF vs AMS,5482.281119956066,6.59999998157582,AWAY POSSESSION,120,,P-D3,,,,,,,
FF vs AMS,5495.141039971655,6.719999980158718,AWAY POSSESSION,121,,P-M3,,,,,,,
FF vs AMS,5517.94548,17.75999992488596,AWAY POSSESSION,122,P-F3,P-M3,,,SEAM TWO ENTRY,,"CROSSES, Cross Unsuccessful",,
FF vs AMS,5540.985479879535,9.71999996456907,AWAY POSSESSION,123,P-F3,P-M3,,,,Attacking Transition,,,
FF vs AMS,5563.905479757653,5.2799602423474425,AWAY POSSESSION,124,,P-M3,,,,,,,
FF vs AMS,5629.679999960317,4.679999991496516,AWAY POSSESSION,125,,P-D3,,,,,,,
FF vs AMS,5640.7499599376415,19.1300400325963,AWAY POSSESSION,126,,P-D3,,,,,,,
FF vs AMS,5704.50996,16.559999930555023,AWAY POSSESSION,127,,P-D3,,,,,,,
FF vs AMS,5724.26988,10.319999961734538,AWAY POSSESSION,128,,P-M3,,,,Attacking Transition,,,
FF vs AMS,5750.6698798596935,5.39999998582789,AWAY POSSESSION,129,,P-D3,,,,,,,
FF vs AMS,5767.469879768991,15.450120211167814,AWAY POSSESSION,130,,P-D3,,,SEAM TWO ENTRY,,,,
FF vs AMS,5782.319999967403,4.319999992913836,AWAY POSSESSION,131,,,,,,,,,
FF vs AMS,5802.5999998582765,7.079999978741398,AWAY POSSESSION,132,,P-D3,,,,Attacking Transition,,,
FF vs AMS,5815.319999790249,14.370000209750287,AWAY POSSESSION,133,,P-D3,,,,,,,
FF vs AMS,5852.399679982993,12.959999946145217,AWAY POSSESSION,134,,P-D3,,,,,,,
FF vs AMS,5881.32963998441,12.119999951813952,AWAY POSSESSION,135,P-F3,,,,,Attacking Transition,,,
FF vs AMS,5914.569639807256,3.719999995748367,AWAY POSSESSION,136,,,,,,,,,
FF vs AMS,5934.32,6.2399999815761475,AWAY POSSESSION,137,,P-D3,,,,,,,
FF vs AMS,5998.77,9.10995998157523,AWAY POSSESSION,138,,P-D3,,,,,,,
FF vs AMS,6016.559919982993,9.239999967403492,AWAY POSSESSION,139,,P-D3,,,,,,,
FF vs AMS,6072.869599914966,4.660400085033871,AWAY POSSESSION,140,,P-D3,,,,,,,
FF vs AMS,6076.569999988662,5.6399999858276715,AWAY POSSESSION,141,,P-D3,,,,,,,
FF vs AMS,6093.19999998441,12.160000015589503,AWAY POSSESSION,142,,P-D3,,,,,,,
FF vs AMS,6105.359999982993,13.319999944727897,AWAY POSSESSION,143,,P-M3,,,,,,,
FF vs AMS,6148.451039995748,14.879999936224522,AWAY POSSESSION,144,,"P-D3, P-M3",,,SEAM TWO ENTRY,,,,
FF vs AMS,6208.8,12.359999999999673,AWAY POSSESSION,145,,P-D3,,,,,,,
FF vs AMS,149.75,66.12,HOME POSSESSION,1,P-F3,P-M3,"SHOT IN BOX, SHOT",,SEAM TWO ENTRY,,"PENALTY AREA ENTRY, Cross Successful, CROSSES",,
FF vs AMS,251.87,21.959999990079382,HOME POSSESSION,2,P-F3,P-M3,,,,,,,
FF vs AMS,292.0699999787415,19.4399999971655,HOME POSSESSION,3,,P-M3,,,,,,,
FF vs AMS,316.66999997590705,18.24000000000001,HOME POSSESSION,4,,P-M3,,,,,,,
FF vs AMS,357.949999975907,33.48000000000002,HOME POSSESSION,5,P-F3,P-M3,,,SEAM TWO ENTRY,,,,
FF vs AMS,396.46999997590706,20.039999999999964,HOME POSSESSION,6,P-F3,P-M3,,,SEAM TWO ENTRY,,,,
FF vs AMS,418.90999997590706,45.599999999999966,HOME POSSESSION,7,,P-M3,,,,,,,
FF vs AMS,464.029999975907,34.200000000000045,HOME POSSESSION,8,P-F3,P-M3,,,,,,,
FF vs AMS,501.22999997590705,20.279999995748312,HOME POSSESSION,9,P-F3,P-M3,,SEAM THREE ENTRY,SEAM TWO ENTRY,,"PENALTY AREA ENTRY, CROSSES, Cross Unsuccessful",,
FF vs AMS,560.2699999489796,10.799999995748294,HOME POSSESSION,10,,P-M3,,,,,,,
FF vs AMS,575.2699999404762,37.79999998157598,HOME POSSESSION,11,P-F3,P-M3,,,SEAM TWO ENTRY,,,,
FF vs AMS,613.3099999206349,14.879999992913781,HOME POSSESSION,12,,P-M3,,,,,,,
FF vs AMS,628.5499999121315,25.19999998866217,HOME POSSESSION,13,,P-M3,,,SEAM TWO ENTRY,,,,
FF vs AMS,653.8699998993765,12.690000100623479,HOME POSSESSION,14,,P-M3,,,,,,,
FF vs AMS,666.6799999971655,11.75999999574833,HOME POSSESSION,15,P-F3,P-M3,,,SEAM TWO ENTRY,,,,
FF vs AMS,682.6399999886621,22.67999999007941,HOME POSSESSION,16,,P-M3,,,,,,,
FF vs AMS,716.1199999716554,6.239999997165455,HOME POSSESSION,17,,P-M3,,,,,,,
FF vs AMS,720.9199999688209,15.719999992913813,HOME POSSESSION,18,,P-M3,,,,,,,
FF vs AMS,736.0399999603175,16.67999999291385,HOME POSSESSION,19,,P-M3,,,SEAM TWO ENTRY,,,,
FF vs AMS,771.9199999418935,39.11999999716545,HOME POSSESSION,20,P-F3,P-M3,"SHOT IN BOX, SHOT",SEAM THREE ENTRY,,,"Cross Successful, CROSSES",,
FF vs AMS,847.999999939059,19.559999999999945,HOME POSSESSION,21,,P-M3,,,SEAM TWO ENTRY,,,,
FF vs AMS,874.0399999390589,22.800000000000068,HOME POSSESSION,22,,P-M3,,,,,,,
FF vs AMS,932.119999939059,18.120000000000005,HOME POSSESSION,23,,"P-D3, P-M3",,,SEAM TWO ENTRY,,,,
FF vs AMS,959.119999939059,34.91999999999996,HOME POSSESSION,24,P-F3,"P-D3, P-M3",,SEAM THREE ENTRY,,,,,
FF vs AMS,1039.969959987245,5.399999982993222,HOME POSSESSION,25,P-F3,P-M3,"ON TARGET, SHOT",,,,,,
FF vs AMS,1219.6724398681972,21.47999987244907,HOME POSSESSION,26,P-F3,P-M3,,,SEAM TWO ENTRY,,"PENALTY AREA ENTRY, CROSSES, Cross Unsuccessful",,
FF vs AMS,1254.5924396329365,14.039999926303835,HOME POSSESSION,27,,P-M3,,,,,,,
FF vs AMS,1292.9924393764172,20.279999885204006,HOME POSSESSION,28,,P-M3,,,,,,,
FF vs AMS,1325.032439162415,15.95999991213148,HOME POSSESSION,29,,P-M3,,,,Attacking Transition,,,
FF vs AMS,1350.5924389895124,40.55999974914971,HOME POSSESSION,30,P-F3,P-D3,,,SEAM TWO ENTRY,,,,
FF vs AMS,1401.952438647959,36.71999977324276,HOME POSSESSION,31,P-F3,,,,,,"CROSSES, Cross Unsuccessful",,
FF vs AMS,1438.792438398526,25.919999846938936,HOME POSSESSION,32,"P-F3, P-F3",,,,,,,,
FF vs AMS,1469.99243819161,19.07999989229006,HOME POSSESSION,33,,P-D3,,,,,,,
FF vs AMS,1503.9524379648526,27.119999837018213,HOME POSSESSION,34,,P-M3,,,,,,,
FF vs AMS,1546.6724376771542,19.31999993055547,HOME POSSESSION,35,"P-F3, P-F3",P-M3,,,,Attacking Transition,PENALTY AREA ENTRY,,
FF vs AMS,1674.819999951814,14.999999985827799,HOME POSSESSION,36,,P-M3,,,,,,,
FF vs AMS,1696.5399999248866,20.99999997590703,HOME POSSESSION,37,,P-D3,,,,,,,
FF vs AMS,1718.3799998951247,19.079999980158846,HOME POSSESSION,38,P-F3,P-M3,,,SEAM TWO ENTRY,,"CROSSES, Cross Unsuccessful",,
FF vs AMS,1757.1399998455215,23.39999997307268,HOME POSSESSION,39,,P-M3,,,,,,,
FF vs AMS,1807.42,36.3599999546484,HOME POSSESSION,40,,P-M3,,,SEAM TWO ENTRY,,,,
FF vs AMS,1888.0599998922903,4.799999998582734,HOME POSSESSION,41,,P-M3,,,,,,,
FF vs AMS,1914.6999998582767,18.599999981576048,HOME POSSESSION,42,P-F3,P-M3,,,SEAM TWO ENTRY,,,,
FF vs AMS,2155.37664,37.43999981575962,HOME POSSESSION,43,P-F3,P-M3,,,SEAM TWO ENTRY,,PENALTY AREA ENTRY,,
FF vs AMS,2215.1366396797052,8.279999971655343,HOME POSSESSION,44,,P-M3,,,,,,,
FF vs AMS,2222.33663964144,28.55999986394545,HOME POSSESSION,45,,"P-M3, P-D3",,,,,,,
FF vs AMS,2262.6566394260203,22.46336053854884,HOME POSSESSION,46,P-F3,P-M3,SHOT,,SEAM TWO ENTRY,,"Cross Successful, CROSSES",,
FF vs AMS,2303.4799998511903,45.59999977182542,HOME POSSESSION,47,P-F3,P-M3,,,SEAM TWO ENTRY,,"CROSSES, Cross Unsuccessful",,
FF vs AMS,2390.7199993835034,15.47999993338999,HOME POSSESSION,48,P-F3,P-M3,,,,,"CROSSES, Cross Unsuccessful",,
FF vs AMS,2403.9199993126417,25.440000680272078,HOME POSSESSION,49,P-F3,P-M3,,,SEAM TWO ENTRY,,"CROSSES, Cross Unsuccessful",,
FF vs AMS,2425.9199999929137,5.3999999872448825,HOME POSSESSION,50,P-F3,,"SHOT IN BOX, ON TARGET, SHOT",,,,PENALTY AREA ENTRY,,
FF vs AMS,2444.0267004705215,5.279999988661984,HOME POSSESSION,51,,P-M3,,,,,,,
FF vs AMS,2488.1999999773243,29.15999986111092,HOME POSSESSION,52,P-F3,"P-D3, P-M3",,,SEAM TWO ENTRY,,,,
FF vs AMS,2518.919999812925,8.159999973072445,HOME POSSESSION,53,P-F3,,,,,,"CROSSES, Cross Unsuccessful",,
FF vs AMS,2529.7199997562357,12.479920201247296,HOME POSSESSION,54,,P-M3,"SHOT IN BOX, ON TARGET, SHOT",SEAM THREE ENTRY,,,PENALTY AREA ENTRY,,
FF vs AMS,2543.0399199376416,25.679999878117997,HOME POSSESSION,55,P-F3,P-M3,,,SEAM TWO ENTRY,,"CROSSES, Cross Unsuccessful",,
FF vs AMS,2577.9599197505668,26.039999876700676,HOME POSSESSION,56,P-F3,P-M3,,,,,,,
FF vs AMS,2782.5596799858276,10.799999958900116,HOME POSSESSION,57,,P-D3,,,,,,,
FF vs AMS,2857.6999198398526,28.79999986252824,HOME POSSESSION,58,P-F3,"P-D3, P-D3",,,SEAM TWO ENTRY,,,,
FF vs AMS,2984.835959927721,27.959999865362988,HOME POSSESSION,59,,P-M3,,,,,,,
FF vs AMS,3040.275959630102,19.439999912131498,HOME POSSESSION,60,,P-M3,,,,,,,
FF vs AMS,3065.115959498299,17.759999920634982,HOME POSSESSION,61,,P-M3,,,SEAM TWO ENTRY,,,,
FF vs AMS,3084.435959394841,31.55999984693881,HOME POSSESSION,62,,P-M3,,,,,,,
FF vs AMS,3205.38292,38.40000000000009,HOME POSSESSION,63,P-F3,P-M3,,SEAM THREE ENTRY,SEAM TWO ENTRY,,"CROSSES, Cross Unsuccessful",,
FF vs AMS,3248.94292,17.039999999999964,HOME POSSESSION,64,,P-M3,,,,,,,
FF vs AMS,3268.38292,6.480000000000018,HOME POSSESSION,65,,P-M3,,,,,,,
FF vs AMS,3289.7,9.120000000000346,HOME POSSESSION,66,,P-M3,,,,,,,
FF vs AMS,3300.62,12.480000000000018,HOME POSSESSION,67,,P-M3,,,,,,,
FF vs AMS,3312.86,4.799999999999727,HOME POSSESSION,68,,,,,,,,,
FF vs AMS,3318.16,31.559999999999945,HOME POSSESSION,69,,"P-M3, P-M3",,,SEAM TWO ENTRY,,,,
FF vs AMS,3349.48,10.874560000000201,HOME POSSESSION,70,,P-M3,,,,,,,
FF vs AMS,3363.11456,5.400000000000091,HOME POSSESSION,71,P-F3,P-M3,,,,Attacking Transition,,,
FF vs AMS,3395.39456,7.199999999999818,HOME POSSESSION,72,,P-M3,,,,,,,
FF vs AMS,3406.43456,28.199999999999818,HOME POSSESSION,73,P-F3,P-M3,,SEAM THREE ENTRY,,,"PENALTY AREA ENTRY, CROSSES, Cross Unsuccessful",,
FF vs AMS,3464.11,5.039999999999964,HOME POSSESSION,74,,P-M3,,,,,,,
FF vs AMS,3468.55,5.1599999999998545,HOME POSSESSION,75,,P-M3,,,,,,,
FF vs AMS,3472.15,12.239999999999782,HOME POSSESSION,76,P-F3,P-M3,,,,,,,
FF vs AMS,3496.03,7.199999999999818,HOME POSSESSION,77,P-F3,P-M3,,,,Attacking Transition,"PENALTY AREA ENTRY, CROSSES, Cross Unsuccessful",,
FF vs AMS,3596.33,15.329999999999927,HOME POSSESSION,78,,P-D3,,,,,,,
FF vs AMS,3610.94,6.599999999999909,HOME POSSESSION,79,,P-D3,,,,,,,
FF vs AMS,3636.64,37.80000000000018,HOME POSSESSION,80,P-F3,P-M3,,SEAM THREE ENTRY,SEAM TWO ENTRY,,,,
FF vs AMS,3695.0819066255667,10.440000000000055,HOME POSSESSION,81,P-F3,P-M3,"SHOT IN BOX, SHOT",,,,"Cross Successful, CROSSES",,
FF vs AMS,3750.46,20.159999999999854,HOME POSSESSION,82,,P-M3,,,,,,,
FF vs AMS,3769.06,19.84999999999991,HOME POSSESSION,83,,P-M3,,,SEAM TWO ENTRY,,,,
FF vs AMS,3800.82,28.079999999999927,HOME POSSESSION,84,P-F3,P-M3,"SHOT IN BOX, ON TARGET, SHOT",SEAM THREE ENTRY,,Attacking Transition,PENALTY AREA ENTRY,,
FF vs AMS,3843.91,9.840000000000146,HOME POSSESSION,85,,P-M3,,,,,,,
FF vs AMS,3859.27,7.199999999999818,HOME POSSESSION,86,,P-M3,,,,,,,
FF vs AMS,3866.95,21.960000000000036,HOME POSSESSION,87,,P-M3,,,,,,,
FF vs AMS,3901.27,9.11999999999989,HOME POSSESSION,88,,P-M3,,,,,,,
FF vs AMS,3987.05484,23.40000000000009,HOME POSSESSION,89,P-F3,P-M3,,,SEAM TWO ENTRY,Attacking Transition,"PENALTY AREA ENTRY, Cross Successful, CROSSES",,
FF vs AMS,4009.13484,13.440000000000055,HOME POSSESSION,90,P-F3,P-M3,,,,,"PENALTY AREA ENTRY, CROSSES, Cross Unsuccessful",,
FF vs AMS,4038.25,10.909999999999854,HOME POSSESSION,91,"P-F3, P-F3",P-M3,SHOT IN BOX,,,,,,
FF vs AMS,4100.5107599589,8.039999973072554,HOME POSSESSION,92,,P-M3,,,,,,,
FF vs AMS,4130.999999926304,8.519999970238132,HOME POSSESSION,93,,P-D3,,,,,,,
FF vs AMS,4157.2697599376415,18.95999991496592,HOME POSSESSION,94,P-F3,"P-M3, P-D3",,,SEAM TWO ENTRY,Attacking Transition,"CROSSES, Cross Unsuccessful",,
FF vs AMS,4371.439140607993,7.919999974489656,HOME POSSESSION,95,,P-M3,,,,,,,
FF vs AMS,4380.559140559807,25.919999876700786,HOME POSSESSION,96,,P-M3,,,SEAM TWO ENTRY,,,,
FF vs AMS,4405.75914042517,33.59999983560101,HOME POSSESSION,97,P-F3,P-M3,,,SEAM TWO ENTRY,,,,
FF vs AMS,4436.959140257936,7.799999974489765,HOME POSSESSION,98,,P-M3,,,,,,,
FF vs AMS,4443.07914022534,18.23999991780056,HOME POSSESSION,99,P-F3,P-M3,"ON TARGET, SHOT",,SEAM TWO ENTRY,,,,
FF vs AMS,4470.410399978741,38.759999808673456,HOME POSSESSION,100,,P-M3,,,SEAM TWO ENTRY,,,,
FF vs AMS,4510.319919978741,18.71999991638313,HOME POSSESSION,101,,P-M3,,,,,"CROSSES, Cross Unsuccessful",,
FF vs AMS,4531.079919868197,21.23999990221091,HOME POSSESSION,102,P-F3,P-M3,,,SEAM TWO ENTRY,,,,
FF vs AMS,4549.919919767573,13.079999946145108,HOME POSSESSION,103,,P-M3,,,,,,,
FF vs AMS,4562.159919702381,11.909960256519298,HOME POSSESSION,104,P-F3,,,SEAM THREE ENTRY,,,"PENALTY AREA ENTRY, CROSSES, Cross Unsuccessful",,
FF vs AMS,4618.109719912131,34.630119961734636,HOME POSSESSION,105,P-F3,P-M3,"SHOT BLOCKED, SHOT",,SEAM TWO ENTRY,,PENALTY AREA ENTRY,,
FF vs AMS,4653.579839854025,11.279999954648702,HOME POSSESSION,106,P-F3,P-M3,,,,,,,
FF vs AMS,4669.9998399985825,27.7199998667802,HOME POSSESSION,107,P-F3,P-M3,"SHOT, ON TARGET, GOAL",,SEAM TWO ENTRY,,PENALTY AREA ENTRY,,
FF vs AMS,4742.769839990079,54.410439854024844,HOME POSSESSION,108,,P-D3,,,SEAM TWO ENTRY,,"CROSSES, Cross Unsuccessful",,
FF vs AMS,4806.0602797803285,7.319999977324187,HOME POSSESSION,109,,P-M3,,,,,,,
FF vs AMS,4839.839999835601,24.47999988520405,HOME POSSESSION,110,P-F3,P-M3,,,SEAM TWO ENTRY,,,,
FF vs AMS,4864.559999703798,22.19999989795906,HOME POSSESSION,111,P-F3,P-M3,,SEAM THREE ENTRY,,,"Cross Successful, CROSSES",,
FF vs AMS,4912.669759888038,25.319999879535317,HOME POSSESSION,112,,P-M3,,,SEAM TWO ENTRY,,"CROSSES, Cross Unsuccessful",,
FF vs AMS,4935.469759766156,24.119999886621372,HOME POSSESSION,113,P-F3,P-M3,,,SEAM TWO ENTRY,,"CROSSES, Cross Unsuccessful",,
FF vs AMS,4957.189759649943,27.5999998681973,HOME POSSESSION,114,P-F3,P-M3,,,,,,,
FF vs AMS,4983.58975950822,14.279999939059053,HOME POSSESSION,115,P-F3,P-M3,,,,,PENALTY AREA ENTRY,,
FF vs AMS,4994.869759447279,6.479999981575929,HOME POSSESSION,116,,P-M3,,,,,,,
FF vs AMS,5119.0,14.759999939058616,HOME POSSESSION,117,P-F3,P-M3,,,,,"CROSSES, Cross Unsuccessful",,
FF vs AMS,5161.592559985827,31.679999845521706,HOME POSSESSION,118,P-F3,P-M3,,SEAM THREE ENTRY,SEAM TWO ENTRY,,"CROSSES, Cross Unsuccessful",,
FF vs AMS,5214.921283221372,23.018316740362934,HOME POSSESSION,119,P-F3,P-M3,,,,,,,
FF vs AMS,5286.499639937641,39.59999980300472,HOME POSSESSION,120,P-F3,P-D3,,,SEAM TWO ENTRY,,"CROSSES, Cross Unsuccessful",,
FF vs AMS,5324.8996397321425,6.359999981576038,HOME POSSESSION,121,,,,,,,,,
FF vs AMS,5335.699639674036,8.63999996882103,HOME POSSESSION,122,,P-M3,,,,,,,
FF vs AMS,5346.019639618764,17.99999991921777,HOME POSSESSION,123,,P-M3,,,,,,,
FF vs AMS,5366.36988,28.080202868480228,HOME POSSESSION,124,P-F3,P-M3,,,SEAM TWO ENTRY,,,,
FF vs AMS,5397.330082835884,24.239999886621263,HOME POSSESSION,125,,P-M3,,,SEAM TWO ENTRY,,,,
FF vs AMS,5427.930082672902,20.109917301587302,HOME POSSESSION,126,,P-M3,,SEAM THREE ENTRY,SEAM TWO ENTRY,,,,
FF vs AMS,5479.521119971655,5.75999998441057,HOME POSSESSION,127,,P-M3,,,,,,,
FF vs AMS,5489.98104,8.159999971655452,HOME POSSESSION,128,,P-M3,,,,,,,
FF vs AMS,5532.705479924886,11.279999954648702,HOME POSSESSION,129,,P-D3,,,SEAM TWO ENTRY,,,,
FF vs AMS,5547.705479844104,19.19999991354871,HOME POSSESSION,130,,P-D3,,,,,,,
FF vs AMS,5566.18544,16.31999993055524,HOME POSSESSION,131,,P-M3,,,,,,,
FF vs AMS,5582.265439916383,50.414560043934216,HOME POSSESSION,132,P-F3,P-M3,,,,,"Cross Successful, CROSSES",,
FF vs AMS,5631.359999951814,6.8699600155896405,HOME POSSESSION,133,P-F3,P-M3,"SHOT BLOCKED, SHOT",,,,,,
FF vs AMS,5635.229959967403,8.519999970238132,HOME POSSESSION,134,P-F3,P-M3,,,,,"CROSSES, Cross Unsuccessful",,
FF vs AMS,5656.879999970238,28.320000029762014,HOME POSSESSION,135,P-F3,P-M3,,,SEAM TWO ENTRY,,,,
FF vs AMS,5715.06992,12.199959999999919,HOME POSSESSION,136,,P-M3,,,,,,,
FF vs AMS,5731.589879961734,22.07999989795917,HOME POSSESSION,137,P-F3,P-M3,,,,,"CROSSES, Cross Unsuccessful",,
FF vs AMS,5753.069879845521,16.07999993055546,HOME POSSESSION,138,P-F3,,"ON TARGET, SHOT",,,,,,
FF vs AMS,5779.9199999801585,5.3999999872448825,HOME POSSESSION,139,,P-M3,,,,,,,
FF vs AMS,5783.639999960317,21.95999989795928,HOME POSSESSION,140,P-F3,P-M3,,,SEAM TWO ENTRY,,,,
FF vs AMS,5806.679999837018,11.639999953231381,HOME POSSESSION,141,,P-M3,,,,,,,
FF vs AMS,5826.69,14.389999957483269,HOME POSSESSION,142,,P-M3,,,,,,,
FF vs AMS,5862.359679929138,21.969960055272168,HOME POSSESSION,143,,"P-M3, P-M3",,,,,,,
FF vs AMS,5890.449639936224,27.119999871031723,HOME POSSESSION,144,,P-D3,,,SEAM TWO ENTRY,,,,
FF vs AMS,5915.289639803004,22.03036019699539,HOME POSSESSION,145,P-F3,P-M3,,,,,,,
FF vs AMS,5937.559999981576,15.159999994330974,HOME POSSESSION,146,,P-M3,"SHOT IN BOX, SHOT",SEAM THREE ENTRY,SEAM TWO ENTRY,,PENALTY AREA ENTRY,,
FF vs AMS,6004.879959981576,14.679960001417385,HOME POSSESSION,147,,P-M3,,,,,,,
FF vs AMS,6022.7999199503965,28.580255206892616,HOME POSSESSION,148,P-F3,P-M3,"SHOT IN BOX, ON TARGET, SHOT",,SEAM TWO ENTRY,,"Cross Successful, CROSSES",,
FF vs AMS,6074.53,5.039999988662203,HOME POSSESSION,149,,P-M3,,,,,,,
FF vs AMS,6079.20999997449,16.99000000992055,HOME POSSESSION,150,P-F3,P-M3,,,SEAM TWO ENTRY,,PENALTY AREA ENTRY,,
FF vs AMS,6102.36,5.999999982993359,HOME POSSESSION,151,,P-M3,,,,,,,
FF vs AMS,6121.861636747449,17.69836323979598,HOME POSSESSION,152,P-F3,P-M3,"SHOT IN BOX, SHOT",,SEAM TWO ENTRY,,"Cross Successful, CROSSES",,
FF vs AMS,6164.193826875,36.239999822845675,HOME POSSESSION,153,P-F3,P-M3,,,SEAM TWO ENTRY,,"PENALTY AREA ENTRY, Cross Successful, CROSSES",,
FF vs AMS,231.19,23.680000000000007,HOME SET PIECE,1,,,,,,,,,
FF vs AMS,535.5099999617347,26.919999987244864,HOME SET PIECE,2,,,,,,,,,
FF vs AMS,1013.5599999390589,29.079999872449093,HOME SET PIECE,3,,,,,,,,,
FF vs AMS,1582.8724375807824,28.71999996740351,HOME SET PIECE,4,,,"SHOT IN BOX, SHOT",,,,,,
FF vs AMS,1623.6724375283447,26.427562461734624,HOME SET PIECE,5,,,"SHOT IN BOX, SHOT",,,,,,
FF vs AMS,1965.2999997916668,14.679999985827635,HOME SET PIECE,6,,,,,,,,,
FF vs AMS,2368.839999495465,24.399999890873005,HOME SET PIECE,7,,,,,,,,,
FF vs AMS,2624.119919498299,24.159999890873223,HOME SET PIECE,8,,,,,,,,,
FF vs AMS,2728.1995599929137,18.010239975907098,HOME SET PIECE,9,,,"SHOT IN BOX, SHOT, ON TARGET, GOAL",,,,,,
FF vs AMS,3131.1959592389458,17.52404076105404,HOME SET PIECE,10,,,"SHOT IN BOX, SHOT",,,,,,
FF vs AMS,3535.24,25.5600000000004,HOME SET PIECE,11,,,"SHOT, ON TARGET, GOAL, SHOT IN BOX",,,,,,
FF vs AMS,4593.23999998441,19.829719971655322,HOME SET PIECE,12,,,,,,,,,
FF vs AMS,5972.12,14.919959964568989,HOME SET PIECE,13,,,SHOT,,,,,,
FF vs AMS,2823.678919994331,31.860999872449156,AWAY SET PIECE,1,,,"SHOT IN BOX, SHOT",,,,,,